,Day,Date,Temperature,DayBef_1,DayBef_2,DayBef_3,DayBef_4,DayBef_5,DayBef_6,DayBef_7,DayBef_8,DayBef_9,DayBef_10,DayBef_11,DayBef_12,DayBef_13,DayBef_14,DayBef_15
1,1,2014/1/1,17.6,16.1,14.3,11.2,12.2,10.7,13.7,15.5,14.2,14.7,14.3,12.2,13.2,12.3,13.5,16
2,2,2014/1/2,19.3,17.6,16.1,14.3,11.2,12.2,10.7,13.7,15.5,14.2,14.7,14.3,12.2,13.2,12.3,13.5
3,3,2014/1/3,18.6,19.3,17.6,16.1,14.3,11.2,12.2,10.7,13.7,15.5,14.2,14.7,14.3,12.2,13.2,12.3
4,4,2014/1/4,16.6,18.6,19.3,17.6,16.1,14.3,11.2,12.2,10.7,13.7,15.5,14.2,14.7,14.3,12.2,13.2
5,5,2014/1/5,15.4,16.6,18.6,19.3,17.6,16.1,14.3,11.2,12.2,10.7,13.7,15.5,14.2,14.7,14.3,12.2
6,6,2014/1/6,17.9,15.4,16.6,18.6,19.3,17.6,16.1,14.3,11.2,12.2,10.7,13.7,15.5,14.2,14.7,14.3
7,7,2014/1/7,19.1,17.9,15.4,16.6,18.6,19.3,17.6,16.1,14.3,11.2,12.2,10.7,13.7,15.5,14.2,14.7
8,8,2014/1/8,16.4,19.1,17.9,15.4,16.6,18.6,19.3,17.6,16.1,14.3,11.2,12.2,10.7,13.7,15.5,14.2
9,9,2014/1/9,12.1,16.4,19.1,17.9,15.4,16.6,18.6,19.3,17.6,16.1,14.3,11.2,12.2,10.7,13.7,15.5
10,10,2014/1/10,15.4,12.1,16.4,19.1,17.9,15.4,16.6,18.6,19.3,17.6,16.1,14.3,11.2,12.2,10.7,13.7
11,11,2014/1/11,20,15.4,12.1,16.4,19.1,17.9,15.4,16.6,18.6,19.3,17.6,16.1,14.3,11.2,12.2,10.7
12,12,2014/1/12,15.8,20,15.4,12.1,16.4,19.1,17.9,15.4,16.6,18.6,19.3,17.6,16.1,14.3,11.2,12.2
13,13,2014/1/13,14.5,15.8,20,15.4,12.1,16.4,19.1,17.9,15.4,16.6,18.6,19.3,17.6,16.1,14.3,11.2
14,14,2014/1/14,12.9,14.5,15.8,20,15.4,12.1,16.4,19.1,17.9,15.4,16.6,18.6,19.3,17.6,16.1,14.3
15,15,2014/1/15,14.2,12.9,14.5,15.8,20,15.4,12.1,16.4,19.1,17.9,15.4,16.6,18.6,19.3,17.6,16.1
16,16,2014/1/16,15.3,14.2,12.9,14.5,15.8,20,15.4,12.1,16.4,19.1,17.9,15.4,16.6,18.6,19.3,17.6
17,17,2014/1/17,15.1,15.3,14.2,12.9,14.5,15.8,20,15.4,12.1,16.4,19.1,17.9,15.4,16.6,18.6,19.3
18,18,2014/1/18,13.3,15.1,15.3,14.2,12.9,14.5,15.8,20,15.4,12.1,16.4,19.1,17.9,15.4,16.6,18.6
19,19,2014/1/19,16.4,13.3,15.1,15.3,14.2,12.9,14.5,15.8,20,15.4,12.1,16.4,19.1,17.9,15.4,16.6
20,20,2014/1/20,14.9,16.4,13.3,15.1,15.3,14.2,12.9,14.5,15.8,20,15.4,12.1,16.4,19.1,17.9,15.4
21,21,2014/1/21,12.1,14.9,16.4,13.3,15.1,15.3,14.2,12.9,14.5,15.8,20,15.4,12.1,16.4,19.1,17.9
22,22,2014/1/22,11.1,12.1,14.9,16.4,13.3,15.1,15.3,14.2,12.9,14.5,15.8,20,15.4,12.1,16.4,19.1
23,23,2014/1/23,15.9,11.1,12.1,14.9,16.4,13.3,15.1,15.3,14.2,12.9,14.5,15.8,20,15.4,12.1,16.4
24,24,2014/1/24,16.4,15.9,11.1,12.1,14.9,16.4,13.3,15.1,15.3,14.2,12.9,14.5,15.8,20,15.4,12.1
25,25,2014/1/25,16.6,16.4,15.9,11.1,12.1,14.9,16.4,13.3,15.1,15.3,14.2,12.9,14.5,15.8,20,15.4
26,26,2014/1/26,16,16.6,16.4,15.9,11.1,12.1,14.9,16.4,13.3,15.1,15.3,14.2,12.9,14.5,15.8,20
27,27,2014/1/27,17.3,16,16.6,16.4,15.9,11.1,12.1,14.9,16.4,13.3,15.1,15.3,14.2,12.9,14.5,15.8
28,28,2014/1/28,19.6,17.3,16,16.6,16.4,15.9,11.1,12.1,14.9,16.4,13.3,15.1,15.3,14.2,12.9,14.5
29,29,2014/1/29,18.6,19.6,17.3,16,16.6,16.4,15.9,11.1,12.1,14.9,16.4,13.3,15.1,15.3,14.2,12.9
30,30,2014/1/30,15.9,18.6,19.6,17.3,16,16.6,16.4,15.9,11.1,12.1,14.9,16.4,13.3,15.1,15.3,14.2
31,31,2014/1/31,21.2,15.9,18.6,19.6,17.3,16,16.6,16.4,15.9,11.1,12.1,14.9,16.4,13.3,15.1,15.3
32,32,2014/2/1,18.4,21.2,15.9,18.6,19.6,17.3,16,16.6,16.4,15.9,11.1,12.1,14.9,16.4,13.3,15.1
33,33,2014/2/2,19.3,18.4,21.2,15.9,18.6,19.6,17.3,16,16.6,16.4,15.9,11.1,12.1,14.9,16.4,13.3
34,34,2014/2/3,20.1,19.3,18.4,21.2,15.9,18.6,19.6,17.3,16,16.6,16.4,15.9,11.1,12.1,14.9,16.4
35,35,2014/2/4,15.3,20.1,19.3,18.4,21.2,15.9,18.6,19.6,17.3,16,16.6,16.4,15.9,11.1,12.1,14.9
36,36,2014/2/5,17.7,15.3,20.1,19.3,18.4,21.2,15.9,18.6,19.6,17.3,16,16.6,16.4,15.9,11.1,12.1
37,37,2014/2/6,17.7,17.7,15.3,20.1,19.3,18.4,21.2,15.9,18.6,19.6,17.3,16,16.6,16.4,15.9,11.1
38,38,2014/2/7,16.7,17.7,17.7,15.3,20.1,19.3,18.4,21.2,15.9,18.6,19.6,17.3,16,16.6,16.4,15.9
39,39,2014/2/8,13.6,16.7,17.7,17.7,15.3,20.1,19.3,18.4,21.2,15.9,18.6,19.6,17.3,16,16.6,16.4
40,40,2014/2/9,12.6,13.6,16.7,17.7,17.7,15.3,20.1,19.3,18.4,21.2,15.9,18.6,19.6,17.3,16,16.6
41,41,2014/2/10,8.5,12.6,13.6,16.7,17.7,17.7,15.3,20.1,19.3,18.4,21.2,15.9,18.6,19.6,17.3,16
42,42,2014/2/11,8.1,8.5,12.6,13.6,16.7,17.7,17.7,15.3,20.1,19.3,18.4,21.2,15.9,18.6,19.6,17.3
43,43,2014/2/12,11.3,8.1,8.5,12.6,13.6,16.7,17.7,17.7,15.3,20.1,19.3,18.4,21.2,15.9,18.6,19.6
44,44,2014/2/13,13.1,11.3,8.1,8.5,12.6,13.6,16.7,17.7,17.7,15.3,20.1,19.3,18.4,21.2,15.9,18.6
45,45,2014/2/14,11.4,13.1,11.3,8.1,8.5,12.6,13.6,16.7,17.7,17.7,15.3,20.1,19.3,18.4,21.2,15.9
46,46,2014/2/15,13.6,11.4,13.1,11.3,8.1,8.5,12.6,13.6,16.7,17.7,17.7,15.3,20.1,19.3,18.4,21.2
47,47,2014/2/16,17.5,13.6,11.4,13.1,11.3,8.1,8.5,12.6,13.6,16.7,17.7,17.7,15.3,20.1,19.3,18.4
48,48,2014/2/17,18.6,17.5,13.6,11.4,13.1,11.3,8.1,8.5,12.6,13.6,16.7,17.7,17.7,15.3,20.1,19.3
49,49,2014/2/18,16.4,18.6,17.5,13.6,11.4,13.1,11.3,8.1,8.5,12.6,13.6,16.7,17.7,17.7,15.3,20.1
50,50,2014/2/19,11.5,16.4,18.6,17.5,13.6,11.4,13.1,11.3,8.1,8.5,12.6,13.6,16.7,17.7,17.7,15.3
51,51,2014/2/20,11.3,11.5,16.4,18.6,17.5,13.6,11.4,13.1,11.3,8.1,8.5,12.6,13.6,16.7,17.7,17.7
52,52,2014/2/21,13.6,11.3,11.5,16.4,18.6,17.5,13.6,11.4,13.1,11.3,8.1,8.5,12.6,13.6,16.7,17.7
53,53,2014/2/22,17.5,13.6,11.3,11.5,16.4,18.6,17.5,13.6,11.4,13.1,11.3,8.1,8.5,12.6,13.6,16.7
54,54,2014/2/23,19.1,17.5,13.6,11.3,11.5,16.4,18.6,17.5,13.6,11.4,13.1,11.3,8.1,8.5,12.6,13.6
55,55,2014/2/24,19.2,19.1,17.5,13.6,11.3,11.5,16.4,18.6,17.5,13.6,11.4,13.1,11.3,8.1,8.5,12.6
56,56,2014/2/25,17.7,19.2,19.1,17.5,13.6,11.3,11.5,16.4,18.6,17.5,13.6,11.4,13.1,11.3,8.1,8.5
57,57,2014/2/26,18.8,17.7,19.2,19.1,17.5,13.6,11.3,11.5,16.4,18.6,17.5,13.6,11.4,13.1,11.3,8.1
58,58,2014/2/27,19.1,18.8,17.7,19.2,19.1,17.5,13.6,11.3,11.5,16.4,18.6,17.5,13.6,11.4,13.1,11.3
59,59,2014/2/28,20.9,19.1,18.8,17.7,19.2,19.1,17.5,13.6,11.3,11.5,16.4,18.6,17.5,13.6,11.4,13.1
60,60,2014/3/1,18.5,20.9,19.1,18.8,17.7,19.2,19.1,17.5,13.6,11.3,11.5,16.4,18.6,17.5,13.6,11.4
61,61,2014/3/2,14.1,18.5,20.9,19.1,18.8,17.7,19.2,19.1,17.5,13.6,11.3,11.5,16.4,18.6,17.5,13.6
62,62,2014/3/3,15.1,14.1,18.5,20.9,19.1,18.8,17.7,19.2,19.1,17.5,13.6,11.3,11.5,16.4,18.6,17.5
63,63,2014/3/4,15.2,15.1,14.1,18.5,20.9,19.1,18.8,17.7,19.2,19.1,17.5,13.6,11.3,11.5,16.4,18.6
64,64,2014/3/5,14.2,15.2,15.1,14.1,18.5,20.9,19.1,18.8,17.7,19.2,19.1,17.5,13.6,11.3,11.5,16.4
65,65,2014/3/6,13.8,14.2,15.2,15.1,14.1,18.5,20.9,19.1,18.8,17.7,19.2,19.1,17.5,13.6,11.3,11.5
66,66,2014/3/7,14.9,13.8,14.2,15.2,15.1,14.1,18.5,20.9,19.1,18.8,17.7,19.2,19.1,17.5,13.6,11.3
67,67,2014/3/8,14.7,14.9,13.8,14.2,15.2,15.1,14.1,18.5,20.9,19.1,18.8,17.7,19.2,19.1,17.5,13.6
68,68,2014/3/9,12.9,14.7,14.9,13.8,14.2,15.2,15.1,14.1,18.5,20.9,19.1,18.8,17.7,19.2,19.1,17.5
69,69,2014/3/10,15.9,12.9,14.7,14.9,13.8,14.2,15.2,15.1,14.1,18.5,20.9,19.1,18.8,17.7,19.2,19.1
70,70,2014/3/11,19.4,15.9,12.9,14.7,14.9,13.8,14.2,15.2,15.1,14.1,18.5,20.9,19.1,18.8,17.7,19.2
71,71,2014/3/12,16.7,19.4,15.9,12.9,14.7,14.9,13.8,14.2,15.2,15.1,14.1,18.5,20.9,19.1,18.8,17.7
72,72,2014/3/13,15.4,16.7,19.4,15.9,12.9,14.7,14.9,13.8,14.2,15.2,15.1,14.1,18.5,20.9,19.1,18.8
73,73,2014/3/14,14.1,15.4,16.7,19.4,15.9,12.9,14.7,14.9,13.8,14.2,15.2,15.1,14.1,18.5,20.9,19.1
74,74,2014/3/15,18.2,14.1,15.4,16.7,19.4,15.9,12.9,14.7,14.9,13.8,14.2,15.2,15.1,14.1,18.5,20.9
75,75,2014/3/16,17.7,18.2,14.1,15.4,16.7,19.4,15.9,12.9,14.7,14.9,13.8,14.2,15.2,15.1,14.1,18.5
76,76,2014/3/17,20,17.7,18.2,14.1,15.4,16.7,19.4,15.9,12.9,14.7,14.9,13.8,14.2,15.2,15.1,14.1
77,77,2014/3/18,21.9,20,17.7,18.2,14.1,15.4,16.7,19.4,15.9,12.9,14.7,14.9,13.8,14.2,15.2,15.1
78,78,2014/3/19,22.9,21.9,20,17.7,18.2,14.1,15.4,16.7,19.4,15.9,12.9,14.7,14.9,13.8,14.2,15.2
79,79,2014/3/20,16.7,22.9,21.9,20,17.7,18.2,14.1,15.4,16.7,19.4,15.9,12.9,14.7,14.9,13.8,14.2
80,80,2014/3/21,13.5,16.7,22.9,21.9,20,17.7,18.2,14.1,15.4,16.7,19.4,15.9,12.9,14.7,14.9,13.8
81,81,2014/3/22,17.3,13.5,16.7,22.9,21.9,20,17.7,18.2,14.1,15.4,16.7,19.4,15.9,12.9,14.7,14.9
82,82,2014/3/23,20.3,17.3,13.5,16.7,22.9,21.9,20,17.7,18.2,14.1,15.4,16.7,19.4,15.9,12.9,14.7
83,83,2014/3/24,21.6,20.3,17.3,13.5,16.7,22.9,21.9,20,17.7,18.2,14.1,15.4,16.7,19.4,15.9,12.9
84,84,2014/3/25,21.2,21.6,20.3,17.3,13.5,16.7,22.9,21.9,20,17.7,18.2,14.1,15.4,16.7,19.4,15.9
85,85,2014/3/26,23.4,21.2,21.6,20.3,17.3,13.5,16.7,22.9,21.9,20,17.7,18.2,14.1,15.4,16.7,19.4
86,86,2014/3/27,24.1,23.4,21.2,21.6,20.3,17.3,13.5,16.7,22.9,21.9,20,17.7,18.2,14.1,15.4,16.7
87,87,2014/3/28,23.9,24.1,23.4,21.2,21.6,20.3,17.3,13.5,16.7,22.9,21.9,20,17.7,18.2,14.1,15.4
88,88,2014/3/29,24.6,23.9,24.1,23.4,21.2,21.6,20.3,17.3,13.5,16.7,22.9,21.9,20,17.7,18.2,14.1
89,89,2014/3/30,23.2,24.6,23.9,24.1,23.4,21.2,21.6,20.3,17.3,13.5,16.7,22.9,21.9,20,17.7,18.2
90,90,2014/3/31,21.5,23.2,24.6,23.9,24.1,23.4,21.2,21.6,20.3,17.3,13.5,16.7,22.9,21.9,20,17.7
91,91,2014/4/1,17.3,21.5,23.2,24.6,23.9,24.1,23.4,21.2,21.6,20.3,17.3,13.5,16.7,22.9,21.9,20
92,92,2014/4/2,18.5,17.3,21.5,23.2,24.6,23.9,24.1,23.4,21.2,21.6,20.3,17.3,13.5,16.7,22.9,21.9
93,93,2014/4/3,18.7,18.5,17.3,21.5,23.2,24.6,23.9,24.1,23.4,21.2,21.6,20.3,17.3,13.5,16.7,22.9
94,94,2014/4/4,18.5,18.7,18.5,17.3,21.5,23.2,24.6,23.9,24.1,23.4,21.2,21.6,20.3,17.3,13.5,16.7
95,95,2014/4/5,20.8,18.5,18.7,18.5,17.3,21.5,23.2,24.6,23.9,24.1,23.4,21.2,21.6,20.3,17.3,13.5
96,96,2014/4/6,20.8,20.8,18.5,18.7,18.5,17.3,21.5,23.2,24.6,23.9,24.1,23.4,21.2,21.6,20.3,17.3
97,97,2014/4/7,19.3,20.8,20.8,18.5,18.7,18.5,17.3,21.5,23.2,24.6,23.9,24.1,23.4,21.2,21.6,20.3
98,98,2014/4/8,22.3,19.3,20.8,20.8,18.5,18.7,18.5,17.3,21.5,23.2,24.6,23.9,24.1,23.4,21.2,21.6
99,99,2014/4/9,21.1,22.3,19.3,20.8,20.8,18.5,18.7,18.5,17.3,21.5,23.2,24.6,23.9,24.1,23.4,21.2
100,100,2014/4/10,23.4,21.1,22.3,19.3,20.8,20.8,18.5,18.7,18.5,17.3,21.5,23.2,24.6,23.9,24.1,23.4
101,101,2014/4/11,24,23.4,21.1,22.3,19.3,20.8,20.8,18.5,18.7,18.5,17.3,21.5,23.2,24.6,23.9,24.1
102,102,2014/4/12,23.8,24,23.4,21.1,22.3,19.3,20.8,20.8,18.5,18.7,18.5,17.3,21.5,23.2,24.6,23.9
103,103,2014/4/13,24,23.8,24,23.4,21.1,22.3,19.3,20.8,20.8,18.5,18.7,18.5,17.3,21.5,23.2,24.6
104,104,2014/4/14,19.3,24,23.8,24,23.4,21.1,22.3,19.3,20.8,20.8,18.5,18.7,18.5,17.3,21.5,23.2
105,105,2014/4/15,22,19.3,24,23.8,24,23.4,21.1,22.3,19.3,20.8,20.8,18.5,18.7,18.5,17.3,21.5
106,106,2014/4/16,23.3,22,19.3,24,23.8,24,23.4,21.1,22.3,19.3,20.8,20.8,18.5,18.7,18.5,17.3
107,107,2014/4/17,24.4,23.3,22,19.3,24,23.8,24,23.4,21.1,22.3,19.3,20.8,20.8,18.5,18.7,18.5
108,108,2014/4/18,25.2,24.4,23.3,22,19.3,24,23.8,24,23.4,21.1,22.3,19.3,20.8,20.8,18.5,18.7
109,109,2014/4/19,24.7,25.2,24.4,23.3,22,19.3,24,23.8,24,23.4,21.1,22.3,19.3,20.8,20.8,18.5
110,110,2014/4/20,22.6,24.7,25.2,24.4,23.3,22,19.3,24,23.8,24,23.4,21.1,22.3,19.3,20.8,20.8
111,111,2014/4/21,24,22.6,24.7,25.2,24.4,23.3,22,19.3,24,23.8,24,23.4,21.1,22.3,19.3,20.8
112,112,2014/4/22,21.2,24,22.6,24.7,25.2,24.4,23.3,22,19.3,24,23.8,24,23.4,21.1,22.3,19.3
113,113,2014/4/23,21,21.2,24,22.6,24.7,25.2,24.4,23.3,22,19.3,24,23.8,24,23.4,21.1,22.3
114,114,2014/4/24,21.2,21,21.2,24,22.6,24.7,25.2,24.4,23.3,22,19.3,24,23.8,24,23.4,21.1
115,115,2014/4/25,23.1,21.2,21,21.2,24,22.6,24.7,25.2,24.4,23.3,22,19.3,24,23.8,24,23.4
116,116,2014/4/26,24,23.1,21.2,21,21.2,24,22.6,24.7,25.2,24.4,23.3,22,19.3,24,23.8,24
117,117,2014/4/27,24.4,24,23.1,21.2,21,21.2,24,22.6,24.7,25.2,24.4,23.3,22,19.3,24,23.8
118,118,2014/4/28,22.8,24.4,24,23.1,21.2,21,21.2,24,22.6,24.7,25.2,24.4,23.3,22,19.3,24
119,119,2014/4/29,21.9,22.8,24.4,24,23.1,21.2,21,21.2,24,22.6,24.7,25.2,24.4,23.3,22,19.3
120,120,2014/4/30,21.6,21.9,22.8,24.4,24,23.1,21.2,21,21.2,24,22.6,24.7,25.2,24.4,23.3,22
121,121,2014/5/1,20.3,21.6,21.9,22.8,24.4,24,23.1,21.2,21,21.2,24,22.6,24.7,25.2,24.4,23.3
122,122,2014/5/2,24.5,20.3,21.6,21.9,22.8,24.4,24,23.1,21.2,21,21.2,24,22.6,24.7,25.2,24.4
123,123,2014/5/3,24.1,24.5,20.3,21.6,21.9,22.8,24.4,24,23.1,21.2,21,21.2,24,22.6,24.7,25.2
124,124,2014/5/4,23.6,24.1,24.5,20.3,21.6,21.9,22.8,24.4,24,23.1,21.2,21,21.2,24,22.6,24.7
125,125,2014/5/5,18.3,23.6,24.1,24.5,20.3,21.6,21.9,22.8,24.4,24,23.1,21.2,21,21.2,24,22.6
126,126,2014/5/6,17.6,18.3,23.6,24.1,24.5,20.3,21.6,21.9,22.8,24.4,24,23.1,21.2,21,21.2,24
127,127,2014/5/7,20.9,17.6,18.3,23.6,24.1,24.5,20.3,21.6,21.9,22.8,24.4,24,23.1,21.2,21,21.2
128,128,2014/5/8,23.8,20.9,17.6,18.3,23.6,24.1,24.5,20.3,21.6,21.9,22.8,24.4,24,23.1,21.2,21
129,129,2014/5/9,23.1,23.8,20.9,17.6,18.3,23.6,24.1,24.5,20.3,21.6,21.9,22.8,24.4,24,23.1,21.2
130,130,2014/5/10,24.6,23.1,23.8,20.9,17.6,18.3,23.6,24.1,24.5,20.3,21.6,21.9,22.8,24.4,24,23.1
131,131,2014/5/11,26.4,24.6,23.1,23.8,20.9,17.6,18.3,23.6,24.1,24.5,20.3,21.6,21.9,22.8,24.4,24
132,132,2014/5/12,26.5,26.4,24.6,23.1,23.8,20.9,17.6,18.3,23.6,24.1,24.5,20.3,21.6,21.9,22.8,24.4
133,133,2014/5/13,25.8,26.5,26.4,24.6,23.1,23.8,20.9,17.6,18.3,23.6,24.1,24.5,20.3,21.6,21.9,22.8
134,134,2014/5/14,29.2,25.8,26.5,26.4,24.6,23.1,23.8,20.9,17.6,18.3,23.6,24.1,24.5,20.3,21.6,21.9
135,135,2014/5/15,25.8,29.2,25.8,26.5,26.4,24.6,23.1,23.8,20.9,17.6,18.3,23.6,24.1,24.5,20.3,21.6
136,136,2014/5/16,23.4,25.8,29.2,25.8,26.5,26.4,24.6,23.1,23.8,20.9,17.6,18.3,23.6,24.1,24.5,20.3
137,137,2014/5/17,26.2,23.4,25.8,29.2,25.8,26.5,26.4,24.6,23.1,23.8,20.9,17.6,18.3,23.6,24.1,24.5
138,138,2014/5/18,27.5,26.2,23.4,25.8,29.2,25.8,26.5,26.4,24.6,23.1,23.8,20.9,17.6,18.3,23.6,24.1
139,139,2014/5/19,25.4,27.5,26.2,23.4,25.8,29.2,25.8,26.5,26.4,24.6,23.1,23.8,20.9,17.6,18.3,23.6
140,140,2014/5/20,24.5,25.4,27.5,26.2,23.4,25.8,29.2,25.8,26.5,26.4,24.6,23.1,23.8,20.9,17.6,18.3
141,141,2014/5/21,19.3,24.5,25.4,27.5,26.2,23.4,25.8,29.2,25.8,26.5,26.4,24.6,23.1,23.8,20.9,17.6
142,142,2014/5/22,23.6,19.3,24.5,25.4,27.5,26.2,23.4,25.8,29.2,25.8,26.5,26.4,24.6,23.1,23.8,20.9
143,143,2014/5/23,24.3,23.6,19.3,24.5,25.4,27.5,26.2,23.4,25.8,29.2,25.8,26.5,26.4,24.6,23.1,23.8
144,144,2014/5/24,27.1,24.3,23.6,19.3,24.5,25.4,27.5,26.2,23.4,25.8,29.2,25.8,26.5,26.4,24.6,23.1
145,145,2014/5/25,27.3,27.1,24.3,23.6,19.3,24.5,25.4,27.5,26.2,23.4,25.8,29.2,25.8,26.5,26.4,24.6
146,146,2014/5/26,27.8,27.3,27.1,24.3,23.6,19.3,24.5,25.4,27.5,26.2,23.4,25.8,29.2,25.8,26.5,26.4
147,147,2014/5/27,25.9,27.8,27.3,27.1,24.3,23.6,19.3,24.5,25.4,27.5,26.2,23.4,25.8,29.2,25.8,26.5
148,148,2014/5/28,26.7,25.9,27.8,27.3,27.1,24.3,23.6,19.3,24.5,25.4,27.5,26.2,23.4,25.8,29.2,25.8
149,149,2014/5/29,25.1,26.7,25.9,27.8,27.3,27.1,24.3,23.6,19.3,24.5,25.4,27.5,26.2,23.4,25.8,29.2
150,150,2014/5/30,26.5,25.1,26.7,25.9,27.8,27.3,27.1,24.3,23.6,19.3,24.5,25.4,27.5,26.2,23.4,25.8
151,151,2014/5/31,27.1,26.5,25.1,26.7,25.9,27.8,27.3,27.1,24.3,23.6,19.3,24.5,25.4,27.5,26.2,23.4
152,152,2014/6/1,27.6,27.1,26.5,25.1,26.7,25.9,27.8,27.3,27.1,24.3,23.6,19.3,24.5,25.4,27.5,26.2
153,153,2014/6/2,28.9,27.6,27.1,26.5,25.1,26.7,25.9,27.8,27.3,27.1,24.3,23.6,19.3,24.5,25.4,27.5
154,154,2014/6/3,26.1,28.9,27.6,27.1,26.5,25.1,26.7,25.9,27.8,27.3,27.1,24.3,23.6,19.3,24.5,25.4
155,155,2014/6/4,27.8,26.1,28.9,27.6,27.1,26.5,25.1,26.7,25.9,27.8,27.3,27.1,24.3,23.6,19.3,24.5
156,156,2014/6/5,26.1,27.8,26.1,28.9,27.6,27.1,26.5,25.1,26.7,25.9,27.8,27.3,27.1,24.3,23.6,19.3
157,157,2014/6/6,25.2,26.1,27.8,26.1,28.9,27.6,27.1,26.5,25.1,26.7,25.9,27.8,27.3,27.1,24.3,23.6
158,158,2014/6/7,26.1,25.2,26.1,27.8,26.1,28.9,27.6,27.1,26.5,25.1,26.7,25.9,27.8,27.3,27.1,24.3
159,159,2014/6/8,25.7,26.1,25.2,26.1,27.8,26.1,28.9,27.6,27.1,26.5,25.1,26.7,25.9,27.8,27.3,27.1
160,160,2014/6/9,25.9,25.7,26.1,25.2,26.1,27.8,26.1,28.9,27.6,27.1,26.5,25.1,26.7,25.9,27.8,27.3
161,161,2014/6/10,25.5,25.9,25.7,26.1,25.2,26.1,27.8,26.1,28.9,27.6,27.1,26.5,25.1,26.7,25.9,27.8
162,162,2014/6/11,24.4,25.5,25.9,25.7,26.1,25.2,26.1,27.8,26.1,28.9,27.6,27.1,26.5,25.1,26.7,25.9
163,163,2014/6/12,26,24.4,25.5,25.9,25.7,26.1,25.2,26.1,27.8,26.1,28.9,27.6,27.1,26.5,25.1,26.7
164,164,2014/6/13,27.6,26,24.4,25.5,25.9,25.7,26.1,25.2,26.1,27.8,26.1,28.9,27.6,27.1,26.5,25.1
165,165,2014/6/14,27.3,27.6,26,24.4,25.5,25.9,25.7,26.1,25.2,26.1,27.8,26.1,28.9,27.6,27.1,26.5
166,166,2014/6/15,26,27.3,27.6,26,24.4,25.5,25.9,25.7,26.1,25.2,26.1,27.8,26.1,28.9,27.6,27.1
167,167,2014/6/16,27,26,27.3,27.6,26,24.4,25.5,25.9,25.7,26.1,25.2,26.1,27.8,26.1,28.9,27.6
168,168,2014/6/17,28.9,27,26,27.3,27.6,26,24.4,25.5,25.9,25.7,26.1,25.2,26.1,27.8,26.1,28.9
169,169,2014/6/18,29.1,28.9,27,26,27.3,27.6,26,24.4,25.5,25.9,25.7,26.1,25.2,26.1,27.8,26.1
170,170,2014/6/19,28.5,29.1,28.9,27,26,27.3,27.6,26,24.4,25.5,25.9,25.7,26.1,25.2,26.1,27.8
171,171,2014/6/20,28.4,28.5,29.1,28.9,27,26,27.3,27.6,26,24.4,25.5,25.9,25.7,26.1,25.2,26.1
172,172,2014/6/21,28.3,28.4,28.5,29.1,28.9,27,26,27.3,27.6,26,24.4,25.5,25.9,25.7,26.1,25.2
173,173,2014/6/22,28.5,28.3,28.4,28.5,29.1,28.9,27,26,27.3,27.6,26,24.4,25.5,25.9,25.7,26.1
174,174,2014/6/23,28.6,28.5,28.3,28.4,28.5,29.1,28.9,27,26,27.3,27.6,26,24.4,25.5,25.9,25.7
175,175,2014/6/24,27.5,28.6,28.5,28.3,28.4,28.5,29.1,28.9,27,26,27.3,27.6,26,24.4,25.5,25.9
176,176,2014/6/25,28.6,27.5,28.6,28.5,28.3,28.4,28.5,29.1,28.9,27,26,27.3,27.6,26,24.4,25.5
177,177,2014/6/26,29.6,28.6,27.5,28.6,28.5,28.3,28.4,28.5,29.1,28.9,27,26,27.3,27.6,26,24.4
178,178,2014/6/27,29.3,29.6,28.6,27.5,28.6,28.5,28.3,28.4,28.5,29.1,28.9,27,26,27.3,27.6,26
179,179,2014/6/28,29,29.3,29.6,28.6,27.5,28.6,28.5,28.3,28.4,28.5,29.1,28.9,27,26,27.3,27.6
180,180,2014/6/29,29.2,29,29.3,29.6,28.6,27.5,28.6,28.5,28.3,28.4,28.5,29.1,28.9,27,26,27.3
181,181,2014/6/30,28,29.2,29,29.3,29.6,28.6,27.5,28.6,28.5,28.3,28.4,28.5,29.1,28.9,27,26
182,182,2014/7/1,28.3,28,29.2,29,29.3,29.6,28.6,27.5,28.6,28.5,28.3,28.4,28.5,29.1,28.9,27
183,183,2014/7/2,29.2,28.3,28,29.2,29,29.3,29.6,28.6,27.5,28.6,28.5,28.3,28.4,28.5,29.1,28.9
184,184,2014/7/3,29.9,29.2,28.3,28,29.2,29,29.3,29.6,28.6,27.5,28.6,28.5,28.3,28.4,28.5,29.1
185,185,2014/7/4,29.8,29.9,29.2,28.3,28,29.2,29,29.3,29.6,28.6,27.5,28.6,28.5,28.3,28.4,28.5
186,186,2014/7/5,30.2,29.8,29.9,29.2,28.3,28,29.2,29,29.3,29.6,28.6,27.5,28.6,28.5,28.3,28.4
187,187,2014/7/6,31.1,30.2,29.8,29.9,29.2,28.3,28,29.2,29,29.3,29.6,28.6,27.5,28.6,28.5,28.3
188,188,2014/7/7,30.7,31.1,30.2,29.8,29.9,29.2,28.3,28,29.2,29,29.3,29.6,28.6,27.5,28.6,28.5
189,189,2014/7/8,28,30.7,31.1,30.2,29.8,29.9,29.2,28.3,28,29.2,29,29.3,29.6,28.6,27.5,28.6
190,190,2014/7/9,30.8,28,30.7,31.1,30.2,29.8,29.9,29.2,28.3,28,29.2,29,29.3,29.6,28.6,27.5
191,191,2014/7/10,30.1,30.8,28,30.7,31.1,30.2,29.8,29.9,29.2,28.3,28,29.2,29,29.3,29.6,28.6
192,192,2014/7/11,29.8,30.1,30.8,28,30.7,31.1,30.2,29.8,29.9,29.2,28.3,28,29.2,29,29.3,29.6
193,193,2014/7/12,30.2,29.8,30.1,30.8,28,30.7,31.1,30.2,29.8,29.9,29.2,28.3,28,29.2,29,29.3
194,194,2014/7/13,31,30.2,29.8,30.1,30.8,28,30.7,31.1,30.2,29.8,29.9,29.2,28.3,28,29.2,29
195,195,2014/7/14,30.2,31,30.2,29.8,30.1,30.8,28,30.7,31.1,30.2,29.8,29.9,29.2,28.3,28,29.2
196,196,2014/7/15,29.8,30.2,31,30.2,29.8,30.1,30.8,28,30.7,31.1,30.2,29.8,29.9,29.2,28.3,28
197,197,2014/7/16,30.3,29.8,30.2,31,30.2,29.8,30.1,30.8,28,30.7,31.1,30.2,29.8,29.9,29.2,28.3
198,198,2014/7/17,31.8,30.3,29.8,30.2,31,30.2,29.8,30.1,30.8,28,30.7,31.1,30.2,29.8,29.9,29.2
199,199,2014/7/18,30.5,31.8,30.3,29.8,30.2,31,30.2,29.8,30.1,30.8,28,30.7,31.1,30.2,29.8,29.9
200,200,2014/7/19,30.2,30.5,31.8,30.3,29.8,30.2,31,30.2,29.8,30.1,30.8,28,30.7,31.1,30.2,29.8
201,201,2014/7/20,31.5,30.2,30.5,31.8,30.3,29.8,30.2,31,30.2,29.8,30.1,30.8,28,30.7,31.1,30.2
202,202,2014/7/21,31.1,31.5,30.2,30.5,31.8,30.3,29.8,30.2,31,30.2,29.8,30.1,30.8,28,30.7,31.1
203,203,2014/7/22,28.8,31.1,31.5,30.2,30.5,31.8,30.3,29.8,30.2,31,30.2,29.8,30.1,30.8,28,30.7
204,204,2014/7/23,26.9,28.8,31.1,31.5,30.2,30.5,31.8,30.3,29.8,30.2,31,30.2,29.8,30.1,30.8,28
205,205,2014/7/24,28.8,26.9,28.8,31.1,31.5,30.2,30.5,31.8,30.3,29.8,30.2,31,30.2,29.8,30.1,30.8
206,206,2014/7/25,27.8,28.8,26.9,28.8,31.1,31.5,30.2,30.5,31.8,30.3,29.8,30.2,31,30.2,29.8,30.1
207,207,2014/7/26,28.9,27.8,28.8,26.9,28.8,31.1,31.5,30.2,30.5,31.8,30.3,29.8,30.2,31,30.2,29.8
208,208,2014/7/27,30.3,28.9,27.8,28.8,26.9,28.8,31.1,31.5,30.2,30.5,31.8,30.3,29.8,30.2,31,30.2
209,209,2014/7/28,30.3,30.3,28.9,27.8,28.8,26.9,28.8,31.1,31.5,30.2,30.5,31.8,30.3,29.8,30.2,31
210,210,2014/7/29,30.5,30.3,30.3,28.9,27.8,28.8,26.9,28.8,31.1,31.5,30.2,30.5,31.8,30.3,29.8,30.2
211,211,2014/7/30,29.4,30.5,30.3,30.3,28.9,27.8,28.8,26.9,28.8,31.1,31.5,30.2,30.5,31.8,30.3,29.8
212,212,2014/7/31,28.8,29.4,30.5,30.3,30.3,28.9,27.8,28.8,26.9,28.8,31.1,31.5,30.2,30.5,31.8,30.3
213,213,2014/8/1,30.2,28.8,29.4,30.5,30.3,30.3,28.9,27.8,28.8,26.9,28.8,31.1,31.5,30.2,30.5,31.8
214,214,2014/8/2,31,30.2,28.8,29.4,30.5,30.3,30.3,28.9,27.8,28.8,26.9,28.8,31.1,31.5,30.2,30.5
215,215,2014/8/3,29.6,31,30.2,28.8,29.4,30.5,30.3,30.3,28.9,27.8,28.8,26.9,28.8,31.1,31.5,30.2
216,216,2014/8/4,29.3,29.6,31,30.2,28.8,29.4,30.5,30.3,30.3,28.9,27.8,28.8,26.9,28.8,31.1,31.5
217,217,2014/8/5,29.3,29.3,29.6,31,30.2,28.8,29.4,30.5,30.3,30.3,28.9,27.8,28.8,26.9,28.8,31.1
218,218,2014/8/6,28.4,29.3,29.3,29.6,31,30.2,28.8,29.4,30.5,30.3,30.3,28.9,27.8,28.8,26.9,28.8
219,219,2014/8/7,29.1,28.4,29.3,29.3,29.6,31,30.2,28.8,29.4,30.5,30.3,30.3,28.9,27.8,28.8,26.9
220,220,2014/8/8,29.7,29.1,28.4,29.3,29.3,29.6,31,30.2,28.8,29.4,30.5,30.3,30.3,28.9,27.8,28.8
221,221,2014/8/9,29.6,29.7,29.1,28.4,29.3,29.3,29.6,31,30.2,28.8,29.4,30.5,30.3,30.3,28.9,27.8
222,222,2014/8/10,30,29.6,29.7,29.1,28.4,29.3,29.3,29.6,31,30.2,28.8,29.4,30.5,30.3,30.3,28.9
223,223,2014/8/11,29.2,30,29.6,29.7,29.1,28.4,29.3,29.3,29.6,31,30.2,28.8,29.4,30.5,30.3,30.3
224,224,2014/8/12,29.4,29.2,30,29.6,29.7,29.1,28.4,29.3,29.3,29.6,31,30.2,28.8,29.4,30.5,30.3
225,225,2014/8/13,28.2,29.4,29.2,30,29.6,29.7,29.1,28.4,29.3,29.3,29.6,31,30.2,28.8,29.4,30.5
226,226,2014/8/14,30.1,28.2,29.4,29.2,30,29.6,29.7,29.1,28.4,29.3,29.3,29.6,31,30.2,28.8,29.4
227,227,2014/8/15,29.7,30.1,28.2,29.4,29.2,30,29.6,29.7,29.1,28.4,29.3,29.3,29.6,31,30.2,28.8
228,228,2014/8/16,29.8,29.7,30.1,28.2,29.4,29.2,30,29.6,29.7,29.1,28.4,29.3,29.3,29.6,31,30.2
229,229,2014/8/17,28.9,29.8,29.7,30.1,28.2,29.4,29.2,30,29.6,29.7,29.1,28.4,29.3,29.3,29.6,31
230,230,2014/8/18,28.1,28.9,29.8,29.7,30.1,28.2,29.4,29.2,30,29.6,29.7,29.1,28.4,29.3,29.3,29.6
231,231,2014/8/19,26.7,28.1,28.9,29.8,29.7,30.1,28.2,29.4,29.2,30,29.6,29.7,29.1,28.4,29.3,29.3
232,232,2014/8/20,27.9,26.7,28.1,28.9,29.8,29.7,30.1,28.2,29.4,29.2,30,29.6,29.7,29.1,28.4,29.3
233,233,2014/8/21,28.4,27.9,26.7,28.1,28.9,29.8,29.7,30.1,28.2,29.4,29.2,30,29.6,29.7,29.1,28.4
234,234,2014/8/22,29.2,28.4,27.9,26.7,28.1,28.9,29.8,29.7,30.1,28.2,29.4,29.2,30,29.6,29.7,29.1
235,235,2014/8/23,28.3,29.2,28.4,27.9,26.7,28.1,28.9,29.8,29.7,30.1,28.2,29.4,29.2,30,29.6,29.7
236,236,2014/8/24,28.5,28.3,29.2,28.4,27.9,26.7,28.1,28.9,29.8,29.7,30.1,28.2,29.4,29.2,30,29.6
237,237,2014/8/25,29,28.5,28.3,29.2,28.4,27.9,26.7,28.1,28.9,29.8,29.7,30.1,28.2,29.4,29.2,30
238,238,2014/8/26,30,29,28.5,28.3,29.2,28.4,27.9,26.7,28.1,28.9,29.8,29.7,30.1,28.2,29.4,29.2
239,239,2014/8/27,30,30,29,28.5,28.3,29.2,28.4,27.9,26.7,28.1,28.9,29.8,29.7,30.1,28.2,29.4
240,240,2014/8/28,29.5,30,30,29,28.5,28.3,29.2,28.4,27.9,26.7,28.1,28.9,29.8,29.7,30.1,28.2
241,241,2014/8/29,31.1,29.5,30,30,29,28.5,28.3,29.2,28.4,27.9,26.7,28.1,28.9,29.8,29.7,30.1
242,242,2014/8/30,29.8,31.1,29.5,30,30,29,28.5,28.3,29.2,28.4,27.9,26.7,28.1,28.9,29.8,29.7
243,243,2014/8/31,29.3,29.8,31.1,29.5,30,30,29,28.5,28.3,29.2,28.4,27.9,26.7,28.1,28.9,29.8
244,244,2014/9/1,29.3,29.3,29.8,31.1,29.5,30,30,29,28.5,28.3,29.2,28.4,27.9,26.7,28.1,28.9
245,245,2014/9/2,29,29.3,29.3,29.8,31.1,29.5,30,30,29,28.5,28.3,29.2,28.4,27.9,26.7,28.1
246,246,2014/9/3,29.5,29,29.3,29.3,29.8,31.1,29.5,30,30,29,28.5,28.3,29.2,28.4,27.9,26.7
247,247,2014/9/4,27.7,29.5,29,29.3,29.3,29.8,31.1,29.5,30,30,29,28.5,28.3,29.2,28.4,27.9
248,248,2014/9/5,29.7,27.7,29.5,29,29.3,29.3,29.8,31.1,29.5,30,30,29,28.5,28.3,29.2,28.4
249,249,2014/9/6,29.7,29.7,27.7,29.5,29,29.3,29.3,29.8,31.1,29.5,30,30,29,28.5,28.3,29.2
250,250,2014/9/7,29.2,29.7,29.7,27.7,29.5,29,29.3,29.3,29.8,31.1,29.5,30,30,29,28.5,28.3
251,251,2014/9/8,29.1,29.2,29.7,29.7,27.7,29.5,29,29.3,29.3,29.8,31.1,29.5,30,30,29,28.5
252,252,2014/9/9,29,29.1,29.2,29.7,29.7,27.7,29.5,29,29.3,29.3,29.8,31.1,29.5,30,30,29
253,253,2014/9/10,28.9,29,29.1,29.2,29.7,29.7,27.7,29.5,29,29.3,29.3,29.8,31.1,29.5,30,30
254,254,2014/9/11,29.8,28.9,29,29.1,29.2,29.7,29.7,27.7,29.5,29,29.3,29.3,29.8,31.1,29.5,30
255,255,2014/9/12,29.7,29.8,28.9,29,29.1,29.2,29.7,29.7,27.7,29.5,29,29.3,29.3,29.8,31.1,29.5
256,256,2014/9/13,29.3,29.7,29.8,28.9,29,29.1,29.2,29.7,29.7,27.7,29.5,29,29.3,29.3,29.8,31.1
257,257,2014/9/14,29.8,29.3,29.7,29.8,28.9,29,29.1,29.2,29.7,29.7,27.7,29.5,29,29.3,29.3,29.8
258,258,2014/9/15,31.8,29.8,29.3,29.7,29.8,28.9,29,29.1,29.2,29.7,29.7,27.7,29.5,29,29.3,29.3
259,259,2014/9/16,30.8,31.8,29.8,29.3,29.7,29.8,28.9,29,29.1,29.2,29.7,29.7,27.7,29.5,29,29.3
260,260,2014/9/17,30.1,30.8,31.8,29.8,29.3,29.7,29.8,28.9,29,29.1,29.2,29.7,29.7,27.7,29.5,29
261,261,2014/9/18,30.2,30.1,30.8,31.8,29.8,29.3,29.7,29.8,28.9,29,29.1,29.2,29.7,29.7,27.7,29.5
262,262,2014/9/19,31.2,30.2,30.1,30.8,31.8,29.8,29.3,29.7,29.8,28.9,29,29.1,29.2,29.7,29.7,27.7
263,263,2014/9/20,31.3,31.2,30.2,30.1,30.8,31.8,29.8,29.3,29.7,29.8,28.9,29,29.1,29.2,29.7,29.7
264,264,2014/9/21,29.1,31.3,31.2,30.2,30.1,30.8,31.8,29.8,29.3,29.7,29.8,28.9,29,29.1,29.2,29.7
265,265,2014/9/22,25.9,29.1,31.3,31.2,30.2,30.1,30.8,31.8,29.8,29.3,29.7,29.8,28.9,29,29.1,29.2
266,266,2014/9/23,27.8,25.9,29.1,31.3,31.2,30.2,30.1,30.8,31.8,29.8,29.3,29.7,29.8,28.9,29,29.1
267,267,2014/9/24,27,27.8,25.9,29.1,31.3,31.2,30.2,30.1,30.8,31.8,29.8,29.3,29.7,29.8,28.9,29
268,268,2014/9/25,27.5,27,27.8,25.9,29.1,31.3,31.2,30.2,30.1,30.8,31.8,29.8,29.3,29.7,29.8,28.9
269,269,2014/9/26,27.4,27.5,27,27.8,25.9,29.1,31.3,31.2,30.2,30.1,30.8,31.8,29.8,29.3,29.7,29.8
270,270,2014/9/27,26.6,27.4,27.5,27,27.8,25.9,29.1,31.3,31.2,30.2,30.1,30.8,31.8,29.8,29.3,29.7
271,271,2014/9/28,26.5,26.6,27.4,27.5,27,27.8,25.9,29.1,31.3,31.2,30.2,30.1,30.8,31.8,29.8,29.3
272,272,2014/9/29,26.8,26.5,26.6,27.4,27.5,27,27.8,25.9,29.1,31.3,31.2,30.2,30.1,30.8,31.8,29.8
273,273,2014/9/30,27.4,26.8,26.5,26.6,27.4,27.5,27,27.8,25.9,29.1,31.3,31.2,30.2,30.1,30.8,31.8
274,274,2014/10/1,24.9,27.4,26.8,26.5,26.6,27.4,27.5,27,27.8,25.9,29.1,31.3,31.2,30.2,30.1,30.8
275,275,2014/10/2,25.6,24.9,27.4,26.8,26.5,26.6,27.4,27.5,27,27.8,25.9,29.1,31.3,31.2,30.2,30.1
276,276,2014/10/3,24.6,25.6,24.9,27.4,26.8,26.5,26.6,27.4,27.5,27,27.8,25.9,29.1,31.3,31.2,30.2
277,277,2014/10/4,23.4,24.6,25.6,24.9,27.4,26.8,26.5,26.6,27.4,27.5,27,27.8,25.9,29.1,31.3,31.2
278,278,2014/10/5,24.3,23.4,24.6,25.6,24.9,27.4,26.8,26.5,26.6,27.4,27.5,27,27.8,25.9,29.1,31.3
279,279,2014/10/6,23.7,24.3,23.4,24.6,25.6,24.9,27.4,26.8,26.5,26.6,27.4,27.5,27,27.8,25.9,29.1
280,280,2014/10/7,23.1,23.7,24.3,23.4,24.6,25.6,24.9,27.4,26.8,26.5,26.6,27.4,27.5,27,27.8,25.9
281,281,2014/10/8,23.5,23.1,23.7,24.3,23.4,24.6,25.6,24.9,27.4,26.8,26.5,26.6,27.4,27.5,27,27.8
282,282,2014/10/9,23.5,23.5,23.1,23.7,24.3,23.4,24.6,25.6,24.9,27.4,26.8,26.5,26.6,27.4,27.5,27
283,283,2014/10/10,24.4,23.5,23.5,23.1,23.7,24.3,23.4,24.6,25.6,24.9,27.4,26.8,26.5,26.6,27.4,27.5
284,284,2014/10/11,24.1,24.4,23.5,23.5,23.1,23.7,24.3,23.4,24.6,25.6,24.9,27.4,26.8,26.5,26.6,27.4
285,285,2014/10/12,23.2,24.1,24.4,23.5,23.5,23.1,23.7,24.3,23.4,24.6,25.6,24.9,27.4,26.8,26.5,26.6
286,286,2014/10/13,21.4,23.2,24.1,24.4,23.5,23.5,23.1,23.7,24.3,23.4,24.6,25.6,24.9,27.4,26.8,26.5
287,287,2014/10/14,20.2,21.4,23.2,24.1,24.4,23.5,23.5,23.1,23.7,24.3,23.4,24.6,25.6,24.9,27.4,26.8
288,288,2014/10/15,19.9,20.2,21.4,23.2,24.1,24.4,23.5,23.5,23.1,23.7,24.3,23.4,24.6,25.6,24.9,27.4
289,289,2014/10/16,20.7,19.9,20.2,21.4,23.2,24.1,24.4,23.5,23.5,23.1,23.7,24.3,23.4,24.6,25.6,24.9
290,290,2014/10/17,22.5,20.7,19.9,20.2,21.4,23.2,24.1,24.4,23.5,23.5,23.1,23.7,24.3,23.4,24.6,25.6
291,291,2014/10/18,24.6,22.5,20.7,19.9,20.2,21.4,23.2,24.1,24.4,23.5,23.5,23.1,23.7,24.3,23.4,24.6
292,292,2014/10/19,26.2,24.6,22.5,20.7,19.9,20.2,21.4,23.2,24.1,24.4,23.5,23.5,23.1,23.7,24.3,23.4
293,293,2014/10/20,25.2,26.2,24.6,22.5,20.7,19.9,20.2,21.4,23.2,24.1,24.4,23.5,23.5,23.1,23.7,24.3
294,294,2014/10/21,25,25.2,26.2,24.6,22.5,20.7,19.9,20.2,21.4,23.2,24.1,24.4,23.5,23.5,23.1,23.7
295,295,2014/10/22,22.5,25,25.2,26.2,24.6,22.5,20.7,19.9,20.2,21.4,23.2,24.1,24.4,23.5,23.5,23.1
296,296,2014/10/23,22.3,22.5,25,25.2,26.2,24.6,22.5,20.7,19.9,20.2,21.4,23.2,24.1,24.4,23.5,23.5
297,297,2014/10/24,23.1,22.3,22.5,25,25.2,26.2,24.6,22.5,20.7,19.9,20.2,21.4,23.2,24.1,24.4,23.5
298,298,2014/10/25,24.4,23.1,22.3,22.5,25,25.2,26.2,24.6,22.5,20.7,19.9,20.2,21.4,23.2,24.1,24.4
299,299,2014/10/26,25.2,24.4,23.1,22.3,22.5,25,25.2,26.2,24.6,22.5,20.7,19.9,20.2,21.4,23.2,24.1
300,300,2014/10/27,24.6,25.2,24.4,23.1,22.3,22.5,25,25.2,26.2,24.6,22.5,20.7,19.9,20.2,21.4,23.2
301,301,2014/10/28,23.4,24.6,25.2,24.4,23.1,22.3,22.5,25,25.2,26.2,24.6,22.5,20.7,19.9,20.2,21.4
302,302,2014/10/29,26.3,23.4,24.6,25.2,24.4,23.1,22.3,22.5,25,25.2,26.2,24.6,22.5,20.7,19.9,20.2
303,303,2014/10/30,26.7,26.3,23.4,24.6,25.2,24.4,23.1,22.3,22.5,25,25.2,26.2,24.6,22.5,20.7,19.9
304,304,2014/10/31,25.8,26.7,26.3,23.4,24.6,25.2,24.4,23.1,22.3,22.5,25,25.2,26.2,24.6,22.5,20.7
305,305,2014/11/1,25.1,25.8,26.7,26.3,23.4,24.6,25.2,24.4,23.1,22.3,22.5,25,25.2,26.2,24.6,22.5
306,306,2014/11/2,21.6,25.1,25.8,26.7,26.3,23.4,24.6,25.2,24.4,23.1,22.3,22.5,25,25.2,26.2,24.6
307,307,2014/11/3,20,21.6,25.1,25.8,26.7,26.3,23.4,24.6,25.2,24.4,23.1,22.3,22.5,25,25.2,26.2
308,308,2014/11/4,19.2,20,21.6,25.1,25.8,26.7,26.3,23.4,24.6,25.2,24.4,23.1,22.3,22.5,25,25.2
309,309,2014/11/5,20.2,19.2,20,21.6,25.1,25.8,26.7,26.3,23.4,24.6,25.2,24.4,23.1,22.3,22.5,25
310,310,2014/11/6,21.2,20.2,19.2,20,21.6,25.1,25.8,26.7,26.3,23.4,24.6,25.2,24.4,23.1,22.3,22.5
311,311,2014/11/7,21.8,21.2,20.2,19.2,20,21.6,25.1,25.8,26.7,26.3,23.4,24.6,25.2,24.4,23.1,22.3
312,312,2014/11/8,24,21.8,21.2,20.2,19.2,20,21.6,25.1,25.8,26.7,26.3,23.4,24.6,25.2,24.4,23.1
313,313,2014/11/9,20.9,24,21.8,21.2,20.2,19.2,20,21.6,25.1,25.8,26.7,26.3,23.4,24.6,25.2,24.4
314,314,2014/11/10,20.7,20.9,24,21.8,21.2,20.2,19.2,20,21.6,25.1,25.8,26.7,26.3,23.4,24.6,25.2
315,315,2014/11/11,20.7,20.7,20.9,24,21.8,21.2,20.2,19.2,20,21.6,25.1,25.8,26.7,26.3,23.4,24.6
316,316,2014/11/12,19.5,20.7,20.7,20.9,24,21.8,21.2,20.2,19.2,20,21.6,25.1,25.8,26.7,26.3,23.4
317,317,2014/11/13,17.9,19.5,20.7,20.7,20.9,24,21.8,21.2,20.2,19.2,20,21.6,25.1,25.8,26.7,26.3
318,318,2014/11/14,19.3,17.9,19.5,20.7,20.7,20.9,24,21.8,21.2,20.2,19.2,20,21.6,25.1,25.8,26.7
319,319,2014/11/15,21,19.3,17.9,19.5,20.7,20.7,20.9,24,21.8,21.2,20.2,19.2,20,21.6,25.1,25.8
320,320,2014/11/16,21.3,21,19.3,17.9,19.5,20.7,20.7,20.9,24,21.8,21.2,20.2,19.2,20,21.6,25.1
321,321,2014/11/17,18.3,21.3,21,19.3,17.9,19.5,20.7,20.7,20.9,24,21.8,21.2,20.2,19.2,20,21.6
322,322,2014/11/18,18.1,18.3,21.3,21,19.3,17.9,19.5,20.7,20.7,20.9,24,21.8,21.2,20.2,19.2,20
323,323,2014/11/19,19.7,18.1,18.3,21.3,21,19.3,17.9,19.5,20.7,20.7,20.9,24,21.8,21.2,20.2,19.2
324,324,2014/11/20,21.3,19.7,18.1,18.3,21.3,21,19.3,17.9,19.5,20.7,20.7,20.9,24,21.8,21.2,20.2
325,325,2014/11/21,22.3,21.3,19.7,18.1,18.3,21.3,21,19.3,17.9,19.5,20.7,20.7,20.9,24,21.8,21.2
326,326,2014/11/22,23.3,22.3,21.3,19.7,18.1,18.3,21.3,21,19.3,17.9,19.5,20.7,20.7,20.9,24,21.8
327,327,2014/11/23,25.8,23.3,22.3,21.3,19.7,18.1,18.3,21.3,21,19.3,17.9,19.5,20.7,20.7,20.9,24
328,328,2014/11/24,22.3,25.8,23.3,22.3,21.3,19.7,18.1,18.3,21.3,21,19.3,17.9,19.5,20.7,20.7,20.9
329,329,2014/11/25,21.3,22.3,25.8,23.3,22.3,21.3,19.7,18.1,18.3,21.3,21,19.3,17.9,19.5,20.7,20.7
330,330,2014/11/26,21.3,21.3,22.3,25.8,23.3,22.3,21.3,19.7,18.1,18.3,21.3,21,19.3,17.9,19.5,20.7
331,331,2014/11/27,23.4,21.3,21.3,22.3,25.8,23.3,22.3,21.3,19.7,18.1,18.3,21.3,21,19.3,17.9,19.5
332,332,2014/11/28,22.9,23.4,21.3,21.3,22.3,25.8,23.3,22.3,21.3,19.7,18.1,18.3,21.3,21,19.3,17.9
333,333,2014/11/29,23.6,22.9,23.4,21.3,21.3,22.3,25.8,23.3,22.3,21.3,19.7,18.1,18.3,21.3,21,19.3
334,334,2014/11/30,23.1,23.6,22.9,23.4,21.3,21.3,22.3,25.8,23.3,22.3,21.3,19.7,18.1,18.3,21.3,21
335,335,2014/12/1,16.3,23.1,23.6,22.9,23.4,21.3,21.3,22.3,25.8,23.3,22.3,21.3,19.7,18.1,18.3,21.3
336,336,2014/12/2,15.4,16.3,23.1,23.6,22.9,23.4,21.3,21.3,22.3,25.8,23.3,22.3,21.3,19.7,18.1,18.3
337,337,2014/12/3,20.5,15.4,16.3,23.1,23.6,22.9,23.4,21.3,21.3,22.3,25.8,23.3,22.3,21.3,19.7,18.1
338,338,2014/12/4,13.6,20.5,15.4,16.3,23.1,23.6,22.9,23.4,21.3,21.3,22.3,25.8,23.3,22.3,21.3,19.7
339,339,2014/12/5,13,13.6,20.5,15.4,16.3,23.1,23.6,22.9,23.4,21.3,21.3,22.3,25.8,23.3,22.3,21.3
340,340,2014/12/6,15.1,13,13.6,20.5,15.4,16.3,23.1,23.6,22.9,23.4,21.3,21.3,22.3,25.8,23.3,22.3
341,341,2014/12/7,19.8,15.1,13,13.6,20.5,15.4,16.3,23.1,23.6,22.9,23.4,21.3,21.3,22.3,25.8,23.3
342,342,2014/12/8,16.1,19.8,15.1,13,13.6,20.5,15.4,16.3,23.1,23.6,22.9,23.4,21.3,21.3,22.3,25.8
343,343,2014/12/9,18.2,16.1,19.8,15.1,13,13.6,20.5,15.4,16.3,23.1,23.6,22.9,23.4,21.3,21.3,22.3
344,344,2014/12/10,20.1,18.2,16.1,19.8,15.1,13,13.6,20.5,15.4,16.3,23.1,23.6,22.9,23.4,21.3,21.3
345,345,2014/12/11,15.9,20.1,18.2,16.1,19.8,15.1,13,13.6,20.5,15.4,16.3,23.1,23.6,22.9,23.4,21.3
346,346,2014/12/12,12.7,15.9,20.1,18.2,16.1,19.8,15.1,13,13.6,20.5,15.4,16.3,23.1,23.6,22.9,23.4
347,347,2014/12/13,13.5,12.7,15.9,20.1,18.2,16.1,19.8,15.1,13,13.6,20.5,15.4,16.3,23.1,23.6,22.9
348,348,2014/12/14,16.7,13.5,12.7,15.9,20.1,18.2,16.1,19.8,15.1,13,13.6,20.5,15.4,16.3,23.1,23.6
349,349,2014/12/15,17.8,16.7,13.5,12.7,15.9,20.1,18.2,16.1,19.8,15.1,13,13.6,20.5,15.4,16.3,23.1
350,350,2014/12/16,13.5,17.8,16.7,13.5,12.7,15.9,20.1,18.2,16.1,19.8,15.1,13,13.6,20.5,15.4,16.3
351,351,2014/12/17,10.7,13.5,17.8,16.7,13.5,12.7,15.9,20.1,18.2,16.1,19.8,15.1,13,13.6,20.5,15.4
352,352,2014/12/18,15.1,10.7,13.5,17.8,16.7,13.5,12.7,15.9,20.1,18.2,16.1,19.8,15.1,13,13.6,20.5
353,353,2014/12/19,16.2,15.1,10.7,13.5,17.8,16.7,13.5,12.7,15.9,20.1,18.2,16.1,19.8,15.1,13,13.6
354,354,2014/12/20,15,16.2,15.1,10.7,13.5,17.8,16.7,13.5,12.7,15.9,20.1,18.2,16.1,19.8,15.1,13
355,355,2014/12/21,14.6,15,16.2,15.1,10.7,13.5,17.8,16.7,13.5,12.7,15.9,20.1,18.2,16.1,19.8,15.1
356,356,2014/12/22,13.2,14.6,15,16.2,15.1,10.7,13.5,17.8,16.7,13.5,12.7,15.9,20.1,18.2,16.1,19.8
357,357,2014/12/23,17.3,13.2,14.6,15,16.2,15.1,10.7,13.5,17.8,16.7,13.5,12.7,15.9,20.1,18.2,16.1
358,358,2014/12/24,17.7,17.3,13.2,14.6,15,16.2,15.1,10.7,13.5,17.8,16.7,13.5,12.7,15.9,20.1,18.2
359,359,2014/12/25,16.3,17.7,17.3,13.2,14.6,15,16.2,15.1,10.7,13.5,17.8,16.7,13.5,12.7,15.9,20.1
360,360,2014/12/26,16.3,16.3,17.7,17.3,13.2,14.6,15,16.2,15.1,10.7,13.5,17.8,16.7,13.5,12.7,15.9
361,361,2014/12/27,15.9,16.3,16.3,17.7,17.3,13.2,14.6,15,16.2,15.1,10.7,13.5,17.8,16.7,13.5,12.7
362,362,2014/12/28,13.7,15.9,16.3,16.3,17.7,17.3,13.2,14.6,15,16.2,15.1,10.7,13.5,17.8,16.7,13.5
363,363,2014/12/29,12.7,13.7,15.9,16.3,16.3,17.7,17.3,13.2,14.6,15,16.2,15.1,10.7,13.5,17.8,16.7
364,364,2014/12/30,15,12.7,13.7,15.9,16.3,16.3,17.7,17.3,13.2,14.6,15,16.2,15.1,10.7,13.5,17.8
365,365,2014/12/31,15.4,15,12.7,13.7,15.9,16.3,16.3,17.7,17.3,13.2,14.6,15,16.2,15.1,10.7,13.5
366,366,2015/1/1,12.9,15.4,15,12.7,13.7,15.9,16.3,16.3,17.7,17.3,13.2,14.6,15,16.2,15.1,10.7
367,367,2015/1/2,13.4,12.9,15.4,15,12.7,13.7,15.9,16.3,16.3,17.7,17.3,13.2,14.6,15,16.2,15.1
368,368,2015/1/3,16.2,13.4,12.9,15.4,15,12.7,13.7,15.9,16.3,16.3,17.7,17.3,13.2,14.6,15,16.2
369,369,2015/1/4,16,16.2,13.4,12.9,15.4,15,12.7,13.7,15.9,16.3,16.3,17.7,17.3,13.2,14.6,15
370,370,2015/1/5,17.5,16,16.2,13.4,12.9,15.4,15,12.7,13.7,15.9,16.3,16.3,17.7,17.3,13.2,14.6
371,371,2015/1/6,18.9,17.5,16,16.2,13.4,12.9,15.4,15,12.7,13.7,15.9,16.3,16.3,17.7,17.3,13.2
372,372,2015/1/7,13.8,18.9,17.5,16,16.2,13.4,12.9,15.4,15,12.7,13.7,15.9,16.3,16.3,17.7,17.3
373,373,2015/1/8,12.1,13.8,18.9,17.5,16,16.2,13.4,12.9,15.4,15,12.7,13.7,15.9,16.3,16.3,17.7
374,374,2015/1/9,14.9,12.1,13.8,18.9,17.5,16,16.2,13.4,12.9,15.4,15,12.7,13.7,15.9,16.3,16.3
375,375,2015/1/10,16,14.9,12.1,13.8,18.9,17.5,16,16.2,13.4,12.9,15.4,15,12.7,13.7,15.9,16.3
376,376,2015/1/11,17.2,16,14.9,12.1,13.8,18.9,17.5,16,16.2,13.4,12.9,15.4,15,12.7,13.7,15.9
377,377,2015/1/12,17.7,17.2,16,14.9,12.1,13.8,18.9,17.5,16,16.2,13.4,12.9,15.4,15,12.7,13.7
378,378,2015/1/13,20.2,17.7,17.2,16,14.9,12.1,13.8,18.9,17.5,16,16.2,13.4,12.9,15.4,15,12.7
379,379,2015/1/14,15.1,20.2,17.7,17.2,16,14.9,12.1,13.8,18.9,17.5,16,16.2,13.4,12.9,15.4,15
380,380,2015/1/15,14.9,15.1,20.2,17.7,17.2,16,14.9,12.1,13.8,18.9,17.5,16,16.2,13.4,12.9,15.4
381,381,2015/1/16,15.6,14.9,15.1,20.2,17.7,17.2,16,14.9,12.1,13.8,18.9,17.5,16,16.2,13.4,12.9
382,382,2015/1/17,14.6,15.6,14.9,15.1,20.2,17.7,17.2,16,14.9,12.1,13.8,18.9,17.5,16,16.2,13.4
383,383,2015/1/18,15.9,14.6,15.6,14.9,15.1,20.2,17.7,17.2,16,14.9,12.1,13.8,18.9,17.5,16,16.2
384,384,2015/1/19,15.3,15.9,14.6,15.6,14.9,15.1,20.2,17.7,17.2,16,14.9,12.1,13.8,18.9,17.5,16
385,385,2015/1/20,18.4,15.3,15.9,14.6,15.6,14.9,15.1,20.2,17.7,17.2,16,14.9,12.1,13.8,18.9,17.5
386,386,2015/1/21,16.1,18.4,15.3,15.9,14.6,15.6,14.9,15.1,20.2,17.7,17.2,16,14.9,12.1,13.8,18.9
387,387,2015/1/22,13.1,16.1,18.4,15.3,15.9,14.6,15.6,14.9,15.1,20.2,17.7,17.2,16,14.9,12.1,13.8
388,388,2015/1/23,14.2,13.1,16.1,18.4,15.3,15.9,14.6,15.6,14.9,15.1,20.2,17.7,17.2,16,14.9,12.1
389,389,2015/1/24,16.5,14.2,13.1,16.1,18.4,15.3,15.9,14.6,15.6,14.9,15.1,20.2,17.7,17.2,16,14.9
390,390,2015/1/25,18.2,16.5,14.2,13.1,16.1,18.4,15.3,15.9,14.6,15.6,14.9,15.1,20.2,17.7,17.2,16
391,391,2015/1/26,17.5,18.2,16.5,14.2,13.1,16.1,18.4,15.3,15.9,14.6,15.6,14.9,15.1,20.2,17.7,17.2
392,392,2015/1/27,16.3,17.5,18.2,16.5,14.2,13.1,16.1,18.4,15.3,15.9,14.6,15.6,14.9,15.1,20.2,17.7
393,393,2015/1/28,14.9,16.3,17.5,18.2,16.5,14.2,13.1,16.1,18.4,15.3,15.9,14.6,15.6,14.9,15.1,20.2
394,394,2015/1/29,17.9,14.9,16.3,17.5,18.2,16.5,14.2,13.1,16.1,18.4,15.3,15.9,14.6,15.6,14.9,15.1
395,395,2015/1/30,14.4,17.9,14.9,16.3,17.5,18.2,16.5,14.2,13.1,16.1,18.4,15.3,15.9,14.6,15.6,14.9
396,396,2015/1/31,13.2,14.4,17.9,14.9,16.3,17.5,18.2,16.5,14.2,13.1,16.1,18.4,15.3,15.9,14.6,15.6
397,397,2015/2/1,15.5,13.2,14.4,17.9,14.9,16.3,17.5,18.2,16.5,14.2,13.1,16.1,18.4,15.3,15.9,14.6
398,398,2015/2/2,18,15.5,13.2,14.4,17.9,14.9,16.3,17.5,18.2,16.5,14.2,13.1,16.1,18.4,15.3,15.9
399,399,2015/2/3,16.5,18,15.5,13.2,14.4,17.9,14.9,16.3,17.5,18.2,16.5,14.2,13.1,16.1,18.4,15.3
400,400,2015/2/4,13.9,16.5,18,15.5,13.2,14.4,17.9,14.9,16.3,17.5,18.2,16.5,14.2,13.1,16.1,18.4
401,401,2015/2/5,11.3,13.9,16.5,18,15.5,13.2,14.4,17.9,14.9,16.3,17.5,18.2,16.5,14.2,13.1,16.1
402,402,2015/2/6,11.8,11.3,13.9,16.5,18,15.5,13.2,14.4,17.9,14.9,16.3,17.5,18.2,16.5,14.2,13.1
403,403,2015/2/7,16.3,11.8,11.3,13.9,16.5,18,15.5,13.2,14.4,17.9,14.9,16.3,17.5,18.2,16.5,14.2
404,404,2015/2/8,12.4,16.3,11.8,11.3,13.9,16.5,18,15.5,13.2,14.4,17.9,14.9,16.3,17.5,18.2,16.5
405,405,2015/2/9,10.8,12.4,16.3,11.8,11.3,13.9,16.5,18,15.5,13.2,14.4,17.9,14.9,16.3,17.5,18.2
406,406,2015/2/10,13.3,10.8,12.4,16.3,11.8,11.3,13.9,16.5,18,15.5,13.2,14.4,17.9,14.9,16.3,17.5
407,407,2015/2/11,14.5,13.3,10.8,12.4,16.3,11.8,11.3,13.9,16.5,18,15.5,13.2,14.4,17.9,14.9,16.3
408,408,2015/2/12,15,14.5,13.3,10.8,12.4,16.3,11.8,11.3,13.9,16.5,18,15.5,13.2,14.4,17.9,14.9
409,409,2015/2/13,17.2,15,14.5,13.3,10.8,12.4,16.3,11.8,11.3,13.9,16.5,18,15.5,13.2,14.4,17.9
410,410,2015/2/14,19.3,17.2,15,14.5,13.3,10.8,12.4,16.3,11.8,11.3,13.9,16.5,18,15.5,13.2,14.4
411,411,2015/2/15,18,19.3,17.2,15,14.5,13.3,10.8,12.4,16.3,11.8,11.3,13.9,16.5,18,15.5,13.2
412,412,2015/2/16,17,18,19.3,17.2,15,14.5,13.3,10.8,12.4,16.3,11.8,11.3,13.9,16.5,18,15.5
413,413,2015/2/17,18.4,17,18,19.3,17.2,15,14.5,13.3,10.8,12.4,16.3,11.8,11.3,13.9,16.5,18
414,414,2015/2/18,17.6,18.4,17,18,19.3,17.2,15,14.5,13.3,10.8,12.4,16.3,11.8,11.3,13.9,16.5
415,415,2015/2/19,17.2,17.6,18.4,17,18,19.3,17.2,15,14.5,13.3,10.8,12.4,16.3,11.8,11.3,13.9
416,416,2015/2/20,18.2,17.2,17.6,18.4,17,18,19.3,17.2,15,14.5,13.3,10.8,12.4,16.3,11.8,11.3
417,417,2015/2/21,19.3,18.2,17.2,17.6,18.4,17,18,19.3,17.2,15,14.5,13.3,10.8,12.4,16.3,11.8
418,418,2015/2/22,18.2,19.3,18.2,17.2,17.6,18.4,17,18,19.3,17.2,15,14.5,13.3,10.8,12.4,16.3
419,419,2015/2/23,17.2,18.2,19.3,18.2,17.2,17.6,18.4,17,18,19.3,17.2,15,14.5,13.3,10.8,12.4
420,420,2015/2/24,17,17.2,18.2,19.3,18.2,17.2,17.6,18.4,17,18,19.3,17.2,15,14.5,13.3,10.8
421,421,2015/2/25,18.4,17,17.2,18.2,19.3,18.2,17.2,17.6,18.4,17,18,19.3,17.2,15,14.5,13.3
422,422,2015/2/26,17.8,18.4,17,17.2,18.2,19.3,18.2,17.2,17.6,18.4,17,18,19.3,17.2,15,14.5
423,423,2015/2/27,19.3,17.8,18.4,17,17.2,18.2,19.3,18.2,17.2,17.6,18.4,17,18,19.3,17.2,15
424,424,2015/2/28,16.6,19.3,17.8,18.4,17,17.2,18.2,19.3,18.2,17.2,17.6,18.4,17,18,19.3,17.2
425,425,2015/3/1,12.7,16.6,19.3,17.8,18.4,17,17.2,18.2,19.3,18.2,17.2,17.6,18.4,17,18,19.3
426,426,2015/3/2,15.2,12.7,16.6,19.3,17.8,18.4,17,17.2,18.2,19.3,18.2,17.2,17.6,18.4,17,18
427,427,2015/3/3,18,15.2,12.7,16.6,19.3,17.8,18.4,17,17.2,18.2,19.3,18.2,17.2,17.6,18.4,17
428,428,2015/3/4,14,18,15.2,12.7,16.6,19.3,17.8,18.4,17,17.2,18.2,19.3,18.2,17.2,17.6,18.4
429,429,2015/3/5,16.4,14,18,15.2,12.7,16.6,19.3,17.8,18.4,17,17.2,18.2,19.3,18.2,17.2,17.6
430,430,2015/3/6,15.1,16.4,14,18,15.2,12.7,16.6,19.3,17.8,18.4,17,17.2,18.2,19.3,18.2,17.2
431,431,2015/3/7,16.1,15.1,16.4,14,18,15.2,12.7,16.6,19.3,17.8,18.4,17,17.2,18.2,19.3,18.2
432,432,2015/3/8,18.4,16.1,15.1,16.4,14,18,15.2,12.7,16.6,19.3,17.8,18.4,17,17.2,18.2,19.3
433,433,2015/3/9,16.4,18.4,16.1,15.1,16.4,14,18,15.2,12.7,16.6,19.3,17.8,18.4,17,17.2,18.2
434,434,2015/3/10,13,16.4,18.4,16.1,15.1,16.4,14,18,15.2,12.7,16.6,19.3,17.8,18.4,17,17.2
435,435,2015/3/11,12.2,13,16.4,18.4,16.1,15.1,16.4,14,18,15.2,12.7,16.6,19.3,17.8,18.4,17
436,436,2015/3/12,13.3,12.2,13,16.4,18.4,16.1,15.1,16.4,14,18,15.2,12.7,16.6,19.3,17.8,18.4
437,437,2015/3/13,18.1,13.3,12.2,13,16.4,18.4,16.1,15.1,16.4,14,18,15.2,12.7,16.6,19.3,17.8
438,438,2015/3/14,18.8,18.1,13.3,12.2,13,16.4,18.4,16.1,15.1,16.4,14,18,15.2,12.7,16.6,19.3
439,439,2015/3/15,20.2,18.8,18.1,13.3,12.2,13,16.4,18.4,16.1,15.1,16.4,14,18,15.2,12.7,16.6
440,440,2015/3/16,20.7,20.2,18.8,18.1,13.3,12.2,13,16.4,18.4,16.1,15.1,16.4,14,18,15.2,12.7
441,441,2015/3/17,21.1,20.7,20.2,18.8,18.1,13.3,12.2,13,16.4,18.4,16.1,15.1,16.4,14,18,15.2
442,442,2015/3/18,24.1,21.1,20.7,20.2,18.8,18.1,13.3,12.2,13,16.4,18.4,16.1,15.1,16.4,14,18
443,443,2015/3/19,23.4,24.1,21.1,20.7,20.2,18.8,18.1,13.3,12.2,13,16.4,18.4,16.1,15.1,16.4,14
444,444,2015/3/20,21.8,23.4,24.1,21.1,20.7,20.2,18.8,18.1,13.3,12.2,13,16.4,18.4,16.1,15.1,16.4
445,445,2015/3/21,19,21.8,23.4,24.1,21.1,20.7,20.2,18.8,18.1,13.3,12.2,13,16.4,18.4,16.1,15.1
446,446,2015/3/22,19.3,19,21.8,23.4,24.1,21.1,20.7,20.2,18.8,18.1,13.3,12.2,13,16.4,18.4,16.1
447,447,2015/3/23,16.7,19.3,19,21.8,23.4,24.1,21.1,20.7,20.2,18.8,18.1,13.3,12.2,13,16.4,18.4
448,448,2015/3/24,16.2,16.7,19.3,19,21.8,23.4,24.1,21.1,20.7,20.2,18.8,18.1,13.3,12.2,13,16.4
449,449,2015/3/25,14.3,16.2,16.7,19.3,19,21.8,23.4,24.1,21.1,20.7,20.2,18.8,18.1,13.3,12.2,13
450,450,2015/3/26,19,14.3,16.2,16.7,19.3,19,21.8,23.4,24.1,21.1,20.7,20.2,18.8,18.1,13.3,12.2
451,451,2015/3/27,17.1,19,14.3,16.2,16.7,19.3,19,21.8,23.4,24.1,21.1,20.7,20.2,18.8,18.1,13.3
452,452,2015/3/28,17.1,17.1,19,14.3,16.2,16.7,19.3,19,21.8,23.4,24.1,21.1,20.7,20.2,18.8,18.1
453,453,2015/3/29,21.2,17.1,17.1,19,14.3,16.2,16.7,19.3,19,21.8,23.4,24.1,21.1,20.7,20.2,18.8
454,454,2015/3/30,22.9,21.2,17.1,17.1,19,14.3,16.2,16.7,19.3,19,21.8,23.4,24.1,21.1,20.7,20.2
455,455,2015/3/31,24.2,22.9,21.2,17.1,17.1,19,14.3,16.2,16.7,19.3,19,21.8,23.4,24.1,21.1,20.7
456,456,2015/4/1,24.2,24.2,22.9,21.2,17.1,17.1,19,14.3,16.2,16.7,19.3,19,21.8,23.4,24.1,21.1
457,457,2015/4/2,24.9,24.2,24.2,22.9,21.2,17.1,17.1,19,14.3,16.2,16.7,19.3,19,21.8,23.4,24.1
458,458,2015/4/3,25.5,24.9,24.2,24.2,22.9,21.2,17.1,17.1,19,14.3,16.2,16.7,19.3,19,21.8,23.4
459,459,2015/4/4,25.5,25.5,24.9,24.2,24.2,22.9,21.2,17.1,17.1,19,14.3,16.2,16.7,19.3,19,21.8
460,460,2015/4/5,25.4,25.5,25.5,24.9,24.2,24.2,22.9,21.2,17.1,17.1,19,14.3,16.2,16.7,19.3,19
461,461,2015/4/6,25.8,25.4,25.5,25.5,24.9,24.2,24.2,22.9,21.2,17.1,17.1,19,14.3,16.2,16.7,19.3
462,462,2015/4/7,17.7,25.8,25.4,25.5,25.5,24.9,24.2,24.2,22.9,21.2,17.1,17.1,19,14.3,16.2,16.7
463,463,2015/4/8,14.2,17.7,25.8,25.4,25.5,25.5,24.9,24.2,24.2,22.9,21.2,17.1,17.1,19,14.3,16.2
464,464,2015/4/9,17.3,14.2,17.7,25.8,25.4,25.5,25.5,24.9,24.2,24.2,22.9,21.2,17.1,17.1,19,14.3
465,465,2015/4/10,16.8,17.3,14.2,17.7,25.8,25.4,25.5,25.5,24.9,24.2,24.2,22.9,21.2,17.1,17.1,19
466,466,2015/4/11,15.5,16.8,17.3,14.2,17.7,25.8,25.4,25.5,25.5,24.9,24.2,24.2,22.9,21.2,17.1,17.1
467,467,2015/4/12,17.3,15.5,16.8,17.3,14.2,17.7,25.8,25.4,25.5,25.5,24.9,24.2,24.2,22.9,21.2,17.1
468,468,2015/4/13,18.4,17.3,15.5,16.8,17.3,14.2,17.7,25.8,25.4,25.5,25.5,24.9,24.2,24.2,22.9,21.2
469,469,2015/4/14,17.4,18.4,17.3,15.5,16.8,17.3,14.2,17.7,25.8,25.4,25.5,25.5,24.9,24.2,24.2,22.9
470,470,2015/4/15,19.2,17.4,18.4,17.3,15.5,16.8,17.3,14.2,17.7,25.8,25.4,25.5,25.5,24.9,24.2,24.2
471,471,2015/4/16,22,19.2,17.4,18.4,17.3,15.5,16.8,17.3,14.2,17.7,25.8,25.4,25.5,25.5,24.9,24.2
472,472,2015/4/17,21.5,22,19.2,17.4,18.4,17.3,15.5,16.8,17.3,14.2,17.7,25.8,25.4,25.5,25.5,24.9
473,473,2015/4/18,24.2,21.5,22,19.2,17.4,18.4,17.3,15.5,16.8,17.3,14.2,17.7,25.8,25.4,25.5,25.5
474,474,2015/4/19,25.9,24.2,21.5,22,19.2,17.4,18.4,17.3,15.5,16.8,17.3,14.2,17.7,25.8,25.4,25.5
475,475,2015/4/20,24.6,25.9,24.2,21.5,22,19.2,17.4,18.4,17.3,15.5,16.8,17.3,14.2,17.7,25.8,25.4
476,476,2015/4/21,18.1,24.6,25.9,24.2,21.5,22,19.2,17.4,18.4,17.3,15.5,16.8,17.3,14.2,17.7,25.8
477,477,2015/4/22,19.2,18.1,24.6,25.9,24.2,21.5,22,19.2,17.4,18.4,17.3,15.5,16.8,17.3,14.2,17.7
478,478,2015/4/23,23.3,19.2,18.1,24.6,25.9,24.2,21.5,22,19.2,17.4,18.4,17.3,15.5,16.8,17.3,14.2
479,479,2015/4/24,23.1,23.3,19.2,18.1,24.6,25.9,24.2,21.5,22,19.2,17.4,18.4,17.3,15.5,16.8,17.3
480,480,2015/4/25,22.8,23.1,23.3,19.2,18.1,24.6,25.9,24.2,21.5,22,19.2,17.4,18.4,17.3,15.5,16.8
481,481,2015/4/26,25.4,22.8,23.1,23.3,19.2,18.1,24.6,25.9,24.2,21.5,22,19.2,17.4,18.4,17.3,15.5
482,482,2015/4/27,24.2,25.4,22.8,23.1,23.3,19.2,18.1,24.6,25.9,24.2,21.5,22,19.2,17.4,18.4,17.3
483,483,2015/4/28,24.1,24.2,25.4,22.8,23.1,23.3,19.2,18.1,24.6,25.9,24.2,21.5,22,19.2,17.4,18.4
484,484,2015/4/29,24.8,24.1,24.2,25.4,22.8,23.1,23.3,19.2,18.1,24.6,25.9,24.2,21.5,22,19.2,17.4
485,485,2015/4/30,24.6,24.8,24.1,24.2,25.4,22.8,23.1,23.3,19.2,18.1,24.6,25.9,24.2,21.5,22,19.2
486,486,2015/5/1,24.3,24.6,24.8,24.1,24.2,25.4,22.8,23.1,23.3,19.2,18.1,24.6,25.9,24.2,21.5,22
487,487,2015/5/2,26.2,24.3,24.6,24.8,24.1,24.2,25.4,22.8,23.1,23.3,19.2,18.1,24.6,25.9,24.2,21.5
488,488,2015/5/3,26.6,26.2,24.3,24.6,24.8,24.1,24.2,25.4,22.8,23.1,23.3,19.2,18.1,24.6,25.9,24.2
489,489,2015/5/4,21.1,26.6,26.2,24.3,24.6,24.8,24.1,24.2,25.4,22.8,23.1,23.3,19.2,18.1,24.6,25.9
490,490,2015/5/5,19.7,21.1,26.6,26.2,24.3,24.6,24.8,24.1,24.2,25.4,22.8,23.1,23.3,19.2,18.1,24.6
491,491,2015/5/6,23,19.7,21.1,26.6,26.2,24.3,24.6,24.8,24.1,24.2,25.4,22.8,23.1,23.3,19.2,18.1
492,492,2015/5/7,24.5,23,19.7,21.1,26.6,26.2,24.3,24.6,24.8,24.1,24.2,25.4,22.8,23.1,23.3,19.2
493,493,2015/5/8,25.6,24.5,23,19.7,21.1,26.6,26.2,24.3,24.6,24.8,24.1,24.2,25.4,22.8,23.1,23.3
494,494,2015/5/9,25.5,25.6,24.5,23,19.7,21.1,26.6,26.2,24.3,24.6,24.8,24.1,24.2,25.4,22.8,23.1
495,495,2015/5/10,25.3,25.5,25.6,24.5,23,19.7,21.1,26.6,26.2,24.3,24.6,24.8,24.1,24.2,25.4,22.8
496,496,2015/5/11,25.1,25.3,25.5,25.6,24.5,23,19.7,21.1,26.6,26.2,24.3,24.6,24.8,24.1,24.2,25.4
497,497,2015/5/12,21.8,25.1,25.3,25.5,25.6,24.5,23,19.7,21.1,26.6,26.2,24.3,24.6,24.8,24.1,24.2
498,498,2015/5/13,24.9,21.8,25.1,25.3,25.5,25.6,24.5,23,19.7,21.1,26.6,26.2,24.3,24.6,24.8,24.1
499,499,2015/5/14,26.5,24.9,21.8,25.1,25.3,25.5,25.6,24.5,23,19.7,21.1,26.6,26.2,24.3,24.6,24.8
500,500,2015/5/15,27.4,26.5,24.9,21.8,25.1,25.3,25.5,25.6,24.5,23,19.7,21.1,26.6,26.2,24.3,24.6
501,501,2015/5/16,27.9,27.4,26.5,24.9,21.8,25.1,25.3,25.5,25.6,24.5,23,19.7,21.1,26.6,26.2,24.3
502,502,2015/5/17,26.7,27.9,27.4,26.5,24.9,21.8,25.1,25.3,25.5,25.6,24.5,23,19.7,21.1,26.6,26.2
503,503,2015/5/18,28.4,26.7,27.9,27.4,26.5,24.9,21.8,25.1,25.3,25.5,25.6,24.5,23,19.7,21.1,26.6
504,504,2015/5/19,28.9,28.4,26.7,27.9,27.4,26.5,24.9,21.8,25.1,25.3,25.5,25.6,24.5,23,19.7,21.1
505,505,2015/5/20,24.1,28.9,28.4,26.7,27.9,27.4,26.5,24.9,21.8,25.1,25.3,25.5,25.6,24.5,23,19.7
506,506,2015/5/21,21.6,24.1,28.9,28.4,26.7,27.9,27.4,26.5,24.9,21.8,25.1,25.3,25.5,25.6,24.5,23
507,507,2015/5/22,24.4,21.6,24.1,28.9,28.4,26.7,27.9,27.4,26.5,24.9,21.8,25.1,25.3,25.5,25.6,24.5
508,508,2015/5/23,24.4,24.4,21.6,24.1,28.9,28.4,26.7,27.9,27.4,26.5,24.9,21.8,25.1,25.3,25.5,25.6
509,509,2015/5/24,23.8,24.4,24.4,21.6,24.1,28.9,28.4,26.7,27.9,27.4,26.5,24.9,21.8,25.1,25.3,25.5
510,510,2015/5/25,23.4,23.8,24.4,24.4,21.6,24.1,28.9,28.4,26.7,27.9,27.4,26.5,24.9,21.8,25.1,25.3
511,511,2015/5/26,23.4,23.4,23.8,24.4,24.4,21.6,24.1,28.9,28.4,26.7,27.9,27.4,26.5,24.9,21.8,25.1
512,512,2015/5/27,25.4,23.4,23.4,23.8,24.4,24.4,21.6,24.1,28.9,28.4,26.7,27.9,27.4,26.5,24.9,21.8
513,513,2015/5/28,29.2,25.4,23.4,23.4,23.8,24.4,24.4,21.6,24.1,28.9,28.4,26.7,27.9,27.4,26.5,24.9
514,514,2015/5/29,30,29.2,25.4,23.4,23.4,23.8,24.4,24.4,21.6,24.1,28.9,28.4,26.7,27.9,27.4,26.5
515,515,2015/5/30,29.6,30,29.2,25.4,23.4,23.4,23.8,24.4,24.4,21.6,24.1,28.9,28.4,26.7,27.9,27.4
516,516,2015/5/31,26.6,29.6,30,29.2,25.4,23.4,23.4,23.8,24.4,24.4,21.6,24.1,28.9,28.4,26.7,27.9
517,517,2015/6/1,27.2,26.6,29.6,30,29.2,25.4,23.4,23.4,23.8,24.4,24.4,21.6,24.1,28.9,28.4,26.7
518,518,2015/6/2,28.6,27.2,26.6,29.6,30,29.2,25.4,23.4,23.4,23.8,24.4,24.4,21.6,24.1,28.9,28.4
519,519,2015/6/3,28.9,28.6,27.2,26.6,29.6,30,29.2,25.4,23.4,23.4,23.8,24.4,24.4,21.6,24.1,28.9
520,520,2015/6/4,27.3,28.9,28.6,27.2,26.6,29.6,30,29.2,25.4,23.4,23.4,23.8,24.4,24.4,21.6,24.1
521,521,2015/6/5,28.8,27.3,28.9,28.6,27.2,26.6,29.6,30,29.2,25.4,23.4,23.4,23.8,24.4,24.4,21.6
522,522,2015/6/6,26.4,28.8,27.3,28.9,28.6,27.2,26.6,29.6,30,29.2,25.4,23.4,23.4,23.8,24.4,24.4
523,523,2015/6/7,27.2,26.4,28.8,27.3,28.9,28.6,27.2,26.6,29.6,30,29.2,25.4,23.4,23.4,23.8,24.4
524,524,2015/6/8,28.4,27.2,26.4,28.8,27.3,28.9,28.6,27.2,26.6,29.6,30,29.2,25.4,23.4,23.4,23.8
525,525,2015/6/9,29.2,28.4,27.2,26.4,28.8,27.3,28.9,28.6,27.2,26.6,29.6,30,29.2,25.4,23.4,23.4
526,526,2015/6/10,30,29.2,28.4,27.2,26.4,28.8,27.3,28.9,28.6,27.2,26.6,29.6,30,29.2,25.4,23.4
527,527,2015/6/11,30.4,30,29.2,28.4,27.2,26.4,28.8,27.3,28.9,28.6,27.2,26.6,29.6,30,29.2,25.4
528,528,2015/6/12,29.6,30.4,30,29.2,28.4,27.2,26.4,28.8,27.3,28.9,28.6,27.2,26.6,29.6,30,29.2
529,529,2015/6/13,29.2,29.6,30.4,30,29.2,28.4,27.2,26.4,28.8,27.3,28.9,28.6,27.2,26.6,29.6,30
530,530,2015/6/14,28.4,29.2,29.6,30.4,30,29.2,28.4,27.2,26.4,28.8,27.3,28.9,28.6,27.2,26.6,29.6
531,531,2015/6/15,28.9,28.4,29.2,29.6,30.4,30,29.2,28.4,27.2,26.4,28.8,27.3,28.9,28.6,27.2,26.6
532,532,2015/6/16,29.6,28.9,28.4,29.2,29.6,30.4,30,29.2,28.4,27.2,26.4,28.8,27.3,28.9,28.6,27.2
533,533,2015/6/17,30.4,29.6,28.9,28.4,29.2,29.6,30.4,30,29.2,28.4,27.2,26.4,28.8,27.3,28.9,28.6
534,534,2015/6/18,30.5,30.4,29.6,28.9,28.4,29.2,29.6,30.4,30,29.2,28.4,27.2,26.4,28.8,27.3,28.9
535,535,2015/6/19,30,30.5,30.4,29.6,28.9,28.4,29.2,29.6,30.4,30,29.2,28.4,27.2,26.4,28.8,27.3
536,536,2015/6/20,29.1,30,30.5,30.4,29.6,28.9,28.4,29.2,29.6,30.4,30,29.2,28.4,27.2,26.4,28.8
537,537,2015/6/21,29.3,29.1,30,30.5,30.4,29.6,28.9,28.4,29.2,29.6,30.4,30,29.2,28.4,27.2,26.4
538,538,2015/6/22,29.5,29.3,29.1,30,30.5,30.4,29.6,28.9,28.4,29.2,29.6,30.4,30,29.2,28.4,27.2
539,539,2015/6/23,28.9,29.5,29.3,29.1,30,30.5,30.4,29.6,28.9,28.4,29.2,29.6,30.4,30,29.2,28.4
540,540,2015/6/24,28.1,28.9,29.5,29.3,29.1,30,30.5,30.4,29.6,28.9,28.4,29.2,29.6,30.4,30,29.2
541,541,2015/6/25,29.5,28.1,28.9,29.5,29.3,29.1,30,30.5,30.4,29.6,28.9,28.4,29.2,29.6,30.4,30
542,542,2015/6/26,30.6,29.5,28.1,28.9,29.5,29.3,29.1,30,30.5,30.4,29.6,28.9,28.4,29.2,29.6,30.4
543,543,2015/6/27,31.1,30.6,29.5,28.1,28.9,29.5,29.3,29.1,30,30.5,30.4,29.6,28.9,28.4,29.2,29.6
544,544,2015/6/28,30.7,31.1,30.6,29.5,28.1,28.9,29.5,29.3,29.1,30,30.5,30.4,29.6,28.9,28.4,29.2
545,545,2015/6/29,30.6,30.7,31.1,30.6,29.5,28.1,28.9,29.5,29.3,29.1,30,30.5,30.4,29.6,28.9,28.4
546,546,2015/6/30,30.8,30.6,30.7,31.1,30.6,29.5,28.1,28.9,29.5,29.3,29.1,30,30.5,30.4,29.6,28.9
547,547,2015/7/1,31.4,30.8,30.6,30.7,31.1,30.6,29.5,28.1,28.9,29.5,29.3,29.1,30,30.5,30.4,29.6
548,548,2015/7/2,31.3,31.4,30.8,30.6,30.7,31.1,30.6,29.5,28.1,28.9,29.5,29.3,29.1,30,30.5,30.4
549,549,2015/7/3,29.8,31.3,31.4,30.8,30.6,30.7,31.1,30.6,29.5,28.1,28.9,29.5,29.3,29.1,30,30.5
550,550,2015/7/4,28.8,29.8,31.3,31.4,30.8,30.6,30.7,31.1,30.6,29.5,28.1,28.9,29.5,29.3,29.1,30
551,551,2015/7/5,31.3,28.8,29.8,31.3,31.4,30.8,30.6,30.7,31.1,30.6,29.5,28.1,28.9,29.5,29.3,29.1
552,552,2015/7/6,31.6,31.3,28.8,29.8,31.3,31.4,30.8,30.6,30.7,31.1,30.6,29.5,28.1,28.9,29.5,29.3
553,553,2015/7/7,31.8,31.6,31.3,28.8,29.8,31.3,31.4,30.8,30.6,30.7,31.1,30.6,29.5,28.1,28.9,29.5
554,554,2015/7/8,32.3,31.8,31.6,31.3,28.8,29.8,31.3,31.4,30.8,30.6,30.7,31.1,30.6,29.5,28.1,28.9
555,555,2015/7/9,28.6,32.3,31.8,31.6,31.3,28.8,29.8,31.3,31.4,30.8,30.6,30.7,31.1,30.6,29.5,28.1
556,556,2015/7/10,26.2,28.6,32.3,31.8,31.6,31.3,28.8,29.8,31.3,31.4,30.8,30.6,30.7,31.1,30.6,29.5
557,557,2015/7/11,29.5,26.2,28.6,32.3,31.8,31.6,31.3,28.8,29.8,31.3,31.4,30.8,30.6,30.7,31.1,30.6
558,558,2015/7/12,29.8,29.5,26.2,28.6,32.3,31.8,31.6,31.3,28.8,29.8,31.3,31.4,30.8,30.6,30.7,31.1
559,559,2015/7/13,28.6,29.8,29.5,26.2,28.6,32.3,31.8,31.6,31.3,28.8,29.8,31.3,31.4,30.8,30.6,30.7
560,560,2015/7/14,28.8,28.6,29.8,29.5,26.2,28.6,32.3,31.8,31.6,31.3,28.8,29.8,31.3,31.4,30.8,30.6
561,561,2015/7/15,28.6,28.8,28.6,29.8,29.5,26.2,28.6,32.3,31.8,31.6,31.3,28.8,29.8,31.3,31.4,30.8
562,562,2015/7/16,29.7,28.6,28.8,28.6,29.8,29.5,26.2,28.6,32.3,31.8,31.6,31.3,28.8,29.8,31.3,31.4
563,563,2015/7/17,29.8,29.7,28.6,28.8,28.6,29.8,29.5,26.2,28.6,32.3,31.8,31.6,31.3,28.8,29.8,31.3
564,564,2015/7/18,30.1,29.8,29.7,28.6,28.8,28.6,29.8,29.5,26.2,28.6,32.3,31.8,31.6,31.3,28.8,29.8
565,565,2015/7/19,28.9,30.1,29.8,29.7,28.6,28.8,28.6,29.8,29.5,26.2,28.6,32.3,31.8,31.6,31.3,28.8
566,566,2015/7/20,28,28.9,30.1,29.8,29.7,28.6,28.8,28.6,29.8,29.5,26.2,28.6,32.3,31.8,31.6,31.3
567,567,2015/7/21,29.3,28,28.9,30.1,29.8,29.7,28.6,28.8,28.6,29.8,29.5,26.2,28.6,32.3,31.8,31.6
568,568,2015/7/22,29.5,29.3,28,28.9,30.1,29.8,29.7,28.6,28.8,28.6,29.8,29.5,26.2,28.6,32.3,31.8
569,569,2015/7/23,27.7,29.5,29.3,28,28.9,30.1,29.8,29.7,28.6,28.8,28.6,29.8,29.5,26.2,28.6,32.3
570,570,2015/7/24,28,27.7,29.5,29.3,28,28.9,30.1,29.8,29.7,28.6,28.8,28.6,29.8,29.5,26.2,28.6
571,571,2015/7/25,29,28,27.7,29.5,29.3,28,28.9,30.1,29.8,29.7,28.6,28.8,28.6,29.8,29.5,26.2
572,572,2015/7/26,29.6,29,28,27.7,29.5,29.3,28,28.9,30.1,29.8,29.7,28.6,28.8,28.6,29.8,29.5
573,573,2015/7/27,29,29.6,29,28,27.7,29.5,29.3,28,28.9,30.1,29.8,29.7,28.6,28.8,28.6,29.8
574,574,2015/7/28,28.3,29,29.6,29,28,27.7,29.5,29.3,28,28.9,30.1,29.8,29.7,28.6,28.8,28.6
575,575,2015/7/29,28.2,28.3,29,29.6,29,28,27.7,29.5,29.3,28,28.9,30.1,29.8,29.7,28.6,28.8
576,576,2015/7/30,28,28.2,28.3,29,29.6,29,28,27.7,29.5,29.3,28,28.9,30.1,29.8,29.7,28.6
577,577,2015/7/31,28.2,28,28.2,28.3,29,29.6,29,28,27.7,29.5,29.3,28,28.9,30.1,29.8,29.7
578,578,2015/8/1,28.7,28.2,28,28.2,28.3,29,29.6,29,28,27.7,29.5,29.3,28,28.9,30.1,29.8
579,579,2015/8/2,29.2,28.7,28.2,28,28.2,28.3,29,29.6,29,28,27.7,29.5,29.3,28,28.9,30.1
580,580,2015/8/3,28.8,29.2,28.7,28.2,28,28.2,28.3,29,29.6,29,28,27.7,29.5,29.3,28,28.9
581,581,2015/8/4,28.9,28.8,29.2,28.7,28.2,28,28.2,28.3,29,29.6,29,28,27.7,29.5,29.3,28
582,582,2015/8/5,29,28.9,28.8,29.2,28.7,28.2,28,28.2,28.3,29,29.6,29,28,27.7,29.5,29.3
583,583,2015/8/6,29.3,29,28.9,28.8,29.2,28.7,28.2,28,28.2,28.3,29,29.6,29,28,27.7,29.5
584,584,2015/8/7,28,29.3,29,28.9,28.8,29.2,28.7,28.2,28,28.2,28.3,29,29.6,29,28,27.7
585,585,2015/8/8,24.7,28,29.3,29,28.9,28.8,29.2,28.7,28.2,28,28.2,28.3,29,29.6,29,28
586,586,2015/8/9,22.7,24.7,28,29.3,29,28.9,28.8,29.2,28.7,28.2,28,28.2,28.3,29,29.6,29
587,587,2015/8/10,20.4,22.7,24.7,28,29.3,29,28.9,28.8,29.2,28.7,28.2,28,28.2,28.3,29,29.6
588,588,2015/8/11,18.1,20.4,22.7,24.7,28,29.3,29,28.9,28.8,29.2,28.7,28.2,28,28.2,28.3,29
589,589,2015/8/12,29.6,18.1,20.4,22.7,24.7,28,29.3,29,28.9,28.8,29.2,28.7,28.2,28,28.2,28.3
590,590,2015/8/13,28.7,29.6,18.1,20.4,22.7,24.7,28,29.3,29,28.9,28.8,29.2,28.7,28.2,28,28.2
591,591,2015/8/14,28.2,28.7,29.6,18.1,20.4,22.7,24.7,28,29.3,29,28.9,28.8,29.2,28.7,28.2,28
592,592,2015/8/15,29.6,28.2,28.7,29.6,18.1,20.4,22.7,24.7,28,29.3,29,28.9,28.8,29.2,28.7,28.2
593,593,2015/8/16,29.4,29.6,28.2,28.7,29.6,18.1,20.4,22.7,24.7,28,29.3,29,28.9,28.8,29.2,28.7
594,594,2015/8/17,29.3,29.4,29.6,28.2,28.7,29.6,18.1,20.4,22.7,24.7,28,29.3,29,28.9,28.8,29.2
595,595,2015/8/18,28.2,29.3,29.4,29.6,28.2,28.7,29.6,18.1,20.4,22.7,24.7,28,29.3,29,28.9,28.8
596,596,2015/8/19,30,28.2,29.3,29.4,29.6,28.2,28.7,29.6,18.1,20.4,22.7,24.7,28,29.3,29,28.9
597,597,2015/8/20,31,30,28.2,29.3,29.4,29.6,28.2,28.7,29.6,18.1,20.4,22.7,24.7,28,29.3,29
598,598,2015/8/21,31,31,30,28.2,29.3,29.4,29.6,28.2,28.7,29.6,18.1,20.4,22.7,24.7,28,29.3
599,599,2015/8/22,30,31,31,30,28.2,29.3,29.4,29.6,28.2,28.7,29.6,18.1,20.4,22.7,24.7,28
600,600,2015/8/23,27.9,30,31,31,30,28.2,29.3,29.4,29.6,28.2,28.7,29.6,18.1,20.4,22.7,24.7
601,601,2015/8/24,29,27.9,30,31,31,30,28.2,29.3,29.4,29.6,28.2,28.7,29.6,18.1,20.4,22.7
602,602,2015/8/25,26.8,29,27.9,30,31,31,30,28.2,29.3,29.4,29.6,28.2,28.7,29.6,18.1,20.4
603,603,2015/8/26,27.7,26.8,29,27.9,30,31,31,30,28.2,29.3,29.4,29.6,28.2,28.7,29.6,18.1
604,604,2015/8/27,24.9,27.7,26.8,29,27.9,30,31,31,30,28.2,29.3,29.4,29.6,28.2,28.7,29.6
605,605,2015/8/28,25.9,24.9,27.7,26.8,29,27.9,30,31,31,30,28.2,29.3,29.4,29.6,28.2,28.7
606,606,2015/8/29,25.6,25.9,24.9,27.7,26.8,29,27.9,30,31,31,30,28.2,29.3,29.4,29.6,28.2
607,607,2015/8/30,25.6,25.6,25.9,24.9,27.7,26.8,29,27.9,30,31,31,30,28.2,29.3,29.4,29.6
608,608,2015/8/31,24.8,25.6,25.6,25.9,24.9,27.7,26.8,29,27.9,30,31,31,30,28.2,29.3,29.4
609,609,2015/9/1,26.3,24.8,25.6,25.6,25.9,24.9,27.7,26.8,29,27.9,30,31,31,30,28.2,29.3
610,610,2015/9/2,27.5,26.3,24.8,25.6,25.6,25.9,24.9,27.7,26.8,29,27.9,30,31,31,30,28.2
611,611,2015/9/3,27.8,27.5,26.3,24.8,25.6,25.6,25.9,24.9,27.7,26.8,29,27.9,30,31,31,30
612,612,2015/9/4,27.8,27.8,27.5,26.3,24.8,25.6,25.6,25.9,24.9,27.7,26.8,29,27.9,30,31,31
613,613,2015/9/5,28.7,27.8,27.8,27.5,26.3,24.8,25.6,25.6,25.9,24.9,27.7,26.8,29,27.9,30,31
614,614,2015/9/6,29.5,28.7,27.8,27.8,27.5,26.3,24.8,25.6,25.6,25.9,24.9,27.7,26.8,29,27.9,30
615,615,2015/9/7,25.6,29.5,28.7,27.8,27.8,27.5,26.3,24.8,25.6,25.6,25.9,24.9,27.7,26.8,29,27.9
616,616,2015/9/8,26.5,25.6,29.5,28.7,27.8,27.8,27.5,26.3,24.8,25.6,25.6,25.9,24.9,27.7,26.8,29
617,617,2015/9/9,25.9,26.5,25.6,29.5,28.7,27.8,27.8,27.5,26.3,24.8,25.6,25.6,25.9,24.9,27.7,26.8
618,618,2015/9/10,25.4,25.9,26.5,25.6,29.5,28.7,27.8,27.8,27.5,26.3,24.8,25.6,25.6,25.9,24.9,27.7
619,619,2015/9/11,25.7,25.4,25.9,26.5,25.6,29.5,28.7,27.8,27.8,27.5,26.3,24.8,25.6,25.6,25.9,24.9
620,620,2015/9/12,26.4,25.7,25.4,25.9,26.5,25.6,29.5,28.7,27.8,27.8,27.5,26.3,24.8,25.6,25.6,25.9
621,621,2015/9/13,25.9,26.4,25.7,25.4,25.9,26.5,25.6,29.5,28.7,27.8,27.8,27.5,26.3,24.8,25.6,25.6
622,622,2015/9/14,27.2,25.9,26.4,25.7,25.4,25.9,26.5,25.6,29.5,28.7,27.8,27.8,27.5,26.3,24.8,25.6
623,623,2015/9/15,27.6,27.2,25.9,26.4,25.7,25.4,25.9,26.5,25.6,29.5,28.7,27.8,27.8,27.5,26.3,24.8
624,624,2015/9/16,26.5,27.6,27.2,25.9,26.4,25.7,25.4,25.9,26.5,25.6,29.5,28.7,27.8,27.8,27.5,26.3
625,625,2015/9/17,25.8,26.5,27.6,27.2,25.9,26.4,25.7,25.4,25.9,26.5,25.6,29.5,28.7,27.8,27.8,27.5
626,626,2015/9/18,25.2,25.8,26.5,27.6,27.2,25.9,26.4,25.7,25.4,25.9,26.5,25.6,29.5,28.7,27.8,27.8
627,627,2015/9/19,25.4,25.2,25.8,26.5,27.6,27.2,25.9,26.4,25.7,25.4,25.9,26.5,25.6,29.5,28.7,27.8
628,628,2015/9/20,27,25.4,25.2,25.8,26.5,27.6,27.2,25.9,26.4,25.7,25.4,25.9,26.5,25.6,29.5,28.7
629,629,2015/9/21,27.6,27,25.4,25.2,25.8,26.5,27.6,27.2,25.9,26.4,25.7,25.4,25.9,26.5,25.6,29.5
630,630,2015/9/22,28.1,27.6,27,25.4,25.2,25.8,26.5,27.6,27.2,25.9,26.4,25.7,25.4,25.9,26.5,25.6
631,631,2015/9/23,27.7,28.1,27.6,27,25.4,25.2,25.8,26.5,27.6,27.2,25.9,26.4,25.7,25.4,25.9,26.5
632,632,2015/9/24,26.3,27.7,28.1,27.6,27,25.4,25.2,25.8,26.5,27.6,27.2,25.9,26.4,25.7,25.4,25.9
633,633,2015/9/25,26.4,26.3,27.7,28.1,27.6,27,25.4,25.2,25.8,26.5,27.6,27.2,25.9,26.4,25.7,25.4
634,634,2015/9/26,25.9,26.4,26.3,27.7,28.1,27.6,27,25.4,25.2,25.8,26.5,27.6,27.2,25.9,26.4,25.7
635,635,2015/9/27,24.6,25.9,26.4,26.3,27.7,28.1,27.6,27,25.4,25.2,25.8,26.5,27.6,27.2,25.9,26.4
636,636,2015/9/28,26.1,24.6,25.9,26.4,26.3,27.7,28.1,27.6,27,25.4,25.2,25.8,26.5,27.6,27.2,25.9
637,637,2015/9/29,28.2,26.1,24.6,25.9,26.4,26.3,27.7,28.1,27.6,27,25.4,25.2,25.8,26.5,27.6,27.2
638,638,2015/9/30,28.2,28.2,26.1,24.6,25.9,26.4,26.3,27.7,28.1,27.6,27,25.4,25.2,25.8,26.5,27.6
639,639,2015/10/1,27.9,28.2,28.2,26.1,24.6,25.9,26.4,26.3,27.7,28.1,27.6,27,25.4,25.2,25.8,26.5
640,640,2015/10/2,25.8,27.9,28.2,28.2,26.1,24.6,25.9,26.4,26.3,27.7,28.1,27.6,27,25.4,25.2,25.8
641,641,2015/10/3,29.3,25.8,27.9,28.2,28.2,26.1,24.6,25.9,26.4,26.3,27.7,28.1,27.6,27,25.4,25.2
642,642,2015/10/4,29.4,29.3,25.8,27.9,28.2,28.2,26.1,24.6,25.9,26.4,26.3,27.7,28.1,27.6,27,25.4
643,643,2015/10/5,29.3,29.4,29.3,25.8,27.9,28.2,28.2,26.1,24.6,25.9,26.4,26.3,27.7,28.1,27.6,27
644,644,2015/10/6,27.3,29.3,29.4,29.3,25.8,27.9,28.2,28.2,26.1,24.6,25.9,26.4,26.3,27.7,28.1,27.6
645,645,2015/10/7,26.5,27.3,29.3,29.4,29.3,25.8,27.9,28.2,28.2,26.1,24.6,25.9,26.4,26.3,27.7,28.1
646,646,2015/10/8,24.8,26.5,27.3,29.3,29.4,29.3,25.8,27.9,28.2,28.2,26.1,24.6,25.9,26.4,26.3,27.7
647,647,2015/10/9,22.7,24.8,26.5,27.3,29.3,29.4,29.3,25.8,27.9,28.2,28.2,26.1,24.6,25.9,26.4,26.3
648,648,2015/10/10,23.5,22.7,24.8,26.5,27.3,29.3,29.4,29.3,25.8,27.9,28.2,28.2,26.1,24.6,25.9,26.4
649,649,2015/10/11,21.2,23.5,22.7,24.8,26.5,27.3,29.3,29.4,29.3,25.8,27.9,28.2,28.2,26.1,24.6,25.9
650,650,2015/10/12,22.7,21.2,23.5,22.7,24.8,26.5,27.3,29.3,29.4,29.3,25.8,27.9,28.2,28.2,26.1,24.6
651,651,2015/10/13,21.8,22.7,21.2,23.5,22.7,24.8,26.5,27.3,29.3,29.4,29.3,25.8,27.9,28.2,28.2,26.1
652,652,2015/10/14,22.4,21.8,22.7,21.2,23.5,22.7,24.8,26.5,27.3,29.3,29.4,29.3,25.8,27.9,28.2,28.2
653,653,2015/10/15,22.7,22.4,21.8,22.7,21.2,23.5,22.7,24.8,26.5,27.3,29.3,29.4,29.3,25.8,27.9,28.2
654,654,2015/10/16,24,22.7,22.4,21.8,22.7,21.2,23.5,22.7,24.8,26.5,27.3,29.3,29.4,29.3,25.8,27.9
655,655,2015/10/17,23.8,24,22.7,22.4,21.8,22.7,21.2,23.5,22.7,24.8,26.5,27.3,29.3,29.4,29.3,25.8
656,656,2015/10/18,23.6,23.8,24,22.7,22.4,21.8,22.7,21.2,23.5,22.7,24.8,26.5,27.3,29.3,29.4,29.3
657,657,2015/10/19,25.2,23.6,23.8,24,22.7,22.4,21.8,22.7,21.2,23.5,22.7,24.8,26.5,27.3,29.3,29.4
658,658,2015/10/20,26.6,25.2,23.6,23.8,24,22.7,22.4,21.8,22.7,21.2,23.5,22.7,24.8,26.5,27.3,29.3
659,659,2015/10/21,24.3,26.6,25.2,23.6,23.8,24,22.7,22.4,21.8,22.7,21.2,23.5,22.7,24.8,26.5,27.3
660,660,2015/10/22,23.6,24.3,26.6,25.2,23.6,23.8,24,22.7,22.4,21.8,22.7,21.2,23.5,22.7,24.8,26.5
661,661,2015/10/23,24.1,23.6,24.3,26.6,25.2,23.6,23.8,24,22.7,22.4,21.8,22.7,21.2,23.5,22.7,24.8
662,662,2015/10/24,23.9,24.1,23.6,24.3,26.6,25.2,23.6,23.8,24,22.7,22.4,21.8,22.7,21.2,23.5,22.7
663,663,2015/10/25,23.7,23.9,24.1,23.6,24.3,26.6,25.2,23.6,23.8,24,22.7,22.4,21.8,22.7,21.2,23.5
664,664,2015/10/26,24.7,23.7,23.9,24.1,23.6,24.3,26.6,25.2,23.6,23.8,24,22.7,22.4,21.8,22.7,21.2
665,665,2015/10/27,24.8,24.7,23.7,23.9,24.1,23.6,24.3,26.6,25.2,23.6,23.8,24,22.7,22.4,21.8,22.7
666,666,2015/10/28,24.9,24.8,24.7,23.7,23.9,24.1,23.6,24.3,26.6,25.2,23.6,23.8,24,22.7,22.4,21.8
667,667,2015/10/29,25.4,24.9,24.8,24.7,23.7,23.9,24.1,23.6,24.3,26.6,25.2,23.6,23.8,24,22.7,22.4
668,668,2015/10/30,24.1,25.4,24.9,24.8,24.7,23.7,23.9,24.1,23.6,24.3,26.6,25.2,23.6,23.8,24,22.7
669,669,2015/10/31,22,24.1,25.4,24.9,24.8,24.7,23.7,23.9,24.1,23.6,24.3,26.6,25.2,23.6,23.8,24
670,670,2015/11/1,22.5,22,24.1,25.4,24.9,24.8,24.7,23.7,23.9,24.1,23.6,24.3,26.6,25.2,23.6,23.8
671,671,2015/11/2,20.1,22.5,22,24.1,25.4,24.9,24.8,24.7,23.7,23.9,24.1,23.6,24.3,26.6,25.2,23.6
672,672,2015/11/3,22.6,20.1,22.5,22,24.1,25.4,24.9,24.8,24.7,23.7,23.9,24.1,23.6,24.3,26.6,25.2
673,673,2015/11/4,26.3,22.6,20.1,22.5,22,24.1,25.4,24.9,24.8,24.7,23.7,23.9,24.1,23.6,24.3,26.6
674,674,2015/11/5,26.6,26.3,22.6,20.1,22.5,22,24.1,25.4,24.9,24.8,24.7,23.7,23.9,24.1,23.6,24.3
675,675,2015/11/6,28,26.6,26.3,22.6,20.1,22.5,22,24.1,25.4,24.9,24.8,24.7,23.7,23.9,24.1,23.6
676,676,2015/11/7,25.7,28,26.6,26.3,22.6,20.1,22.5,22,24.1,25.4,24.9,24.8,24.7,23.7,23.9,24.1
677,677,2015/11/8,25.1,25.7,28,26.6,26.3,22.6,20.1,22.5,22,24.1,25.4,24.9,24.8,24.7,23.7,23.9
678,678,2015/11/9,23.4,25.1,25.7,28,26.6,26.3,22.6,20.1,22.5,22,24.1,25.4,24.9,24.8,24.7,23.7
679,679,2015/11/10,20.7,23.4,25.1,25.7,28,26.6,26.3,22.6,20.1,22.5,22,24.1,25.4,24.9,24.8,24.7
680,680,2015/11/11,21.1,20.7,23.4,25.1,25.7,28,26.6,26.3,22.6,20.1,22.5,22,24.1,25.4,24.9,24.8
681,681,2015/11/12,24.4,21.1,20.7,23.4,25.1,25.7,28,26.6,26.3,22.6,20.1,22.5,22,24.1,25.4,24.9
682,682,2015/11/13,23.5,24.4,21.1,20.7,23.4,25.1,25.7,28,26.6,26.3,22.6,20.1,22.5,22,24.1,25.4
683,683,2015/11/14,23.1,23.5,24.4,21.1,20.7,23.4,25.1,25.7,28,26.6,26.3,22.6,20.1,22.5,22,24.1
684,684,2015/11/15,24.4,23.1,23.5,24.4,21.1,20.7,23.4,25.1,25.7,28,26.6,26.3,22.6,20.1,22.5,22
685,685,2015/11/16,25.6,24.4,23.1,23.5,24.4,21.1,20.7,23.4,25.1,25.7,28,26.6,26.3,22.6,20.1,22.5
686,686,2015/11/17,24.4,25.6,24.4,23.1,23.5,24.4,21.1,20.7,23.4,25.1,25.7,28,26.6,26.3,22.6,20.1
687,687,2015/11/18,25.5,24.4,25.6,24.4,23.1,23.5,24.4,21.1,20.7,23.4,25.1,25.7,28,26.6,26.3,22.6
688,688,2015/11/19,23.8,25.5,24.4,25.6,24.4,23.1,23.5,24.4,21.1,20.7,23.4,25.1,25.7,28,26.6,26.3
689,689,2015/11/20,24.5,23.8,25.5,24.4,25.6,24.4,23.1,23.5,24.4,21.1,20.7,23.4,25.1,25.7,28,26.6
690,690,2015/11/21,24.6,24.5,23.8,25.5,24.4,25.6,24.4,23.1,23.5,24.4,21.1,20.7,23.4,25.1,25.7,28
691,691,2015/11/22,25.7,24.6,24.5,23.8,25.5,24.4,25.6,24.4,23.1,23.5,24.4,21.1,20.7,23.4,25.1,25.7
692,692,2015/11/23,23.5,25.7,24.6,24.5,23.8,25.5,24.4,25.6,24.4,23.1,23.5,24.4,21.1,20.7,23.4,25.1
693,693,2015/11/24,21.7,23.5,25.7,24.6,24.5,23.8,25.5,24.4,25.6,24.4,23.1,23.5,24.4,21.1,20.7,23.4
694,694,2015/11/25,20.3,21.7,23.5,25.7,24.6,24.5,23.8,25.5,24.4,25.6,24.4,23.1,23.5,24.4,21.1,20.7
695,695,2015/11/26,15,20.3,21.7,23.5,25.7,24.6,24.5,23.8,25.5,24.4,25.6,24.4,23.1,23.5,24.4,21.1
696,696,2015/11/27,16,15,20.3,21.7,23.5,25.7,24.6,24.5,23.8,25.5,24.4,25.6,24.4,23.1,23.5,24.4
697,697,2015/11/28,21.4,16,15,20.3,21.7,23.5,25.7,24.6,24.5,23.8,25.5,24.4,25.6,24.4,23.1,23.5
698,698,2015/11/29,21.8,21.4,16,15,20.3,21.7,23.5,25.7,24.6,24.5,23.8,25.5,24.4,25.6,24.4,23.1
699,699,2015/11/30,20.3,21.8,21.4,16,15,20.3,21.7,23.5,25.7,24.6,24.5,23.8,25.5,24.4,25.6,24.4
700,700,2015/12/1,21,20.3,21.8,21.4,16,15,20.3,21.7,23.5,25.7,24.6,24.5,23.8,25.5,24.4,25.6
701,701,2015/12/2,20.9,21,20.3,21.8,21.4,16,15,20.3,21.7,23.5,25.7,24.6,24.5,23.8,25.5,24.4
702,702,2015/12/3,17.2,20.9,21,20.3,21.8,21.4,16,15,20.3,21.7,23.5,25.7,24.6,24.5,23.8,25.5
703,703,2015/12/4,17.3,17.2,20.9,21,20.3,21.8,21.4,16,15,20.3,21.7,23.5,25.7,24.6,24.5,23.8
704,704,2015/12/5,21.8,17.3,17.2,20.9,21,20.3,21.8,21.4,16,15,20.3,21.7,23.5,25.7,24.6,24.5
705,705,2015/12/6,16.9,21.8,17.3,17.2,20.9,21,20.3,21.8,21.4,16,15,20.3,21.7,23.5,25.7,24.6
706,706,2015/12/7,18.1,16.9,21.8,17.3,17.2,20.9,21,20.3,21.8,21.4,16,15,20.3,21.7,23.5,25.7
707,707,2015/12/8,19.7,18.1,16.9,21.8,17.3,17.2,20.9,21,20.3,21.8,21.4,16,15,20.3,21.7,23.5
708,708,2015/12/9,22.6,19.7,18.1,16.9,21.8,17.3,17.2,20.9,21,20.3,21.8,21.4,16,15,20.3,21.7
709,709,2015/12/10,19.6,22.6,19.7,18.1,16.9,21.8,17.3,17.2,20.9,21,20.3,21.8,21.4,16,15,20.3
710,710,2015/12/11,18.4,19.6,22.6,19.7,18.1,16.9,21.8,17.3,17.2,20.9,21,20.3,21.8,21.4,16,15
711,711,2015/12/12,18.1,18.4,19.6,22.6,19.7,18.1,16.9,21.8,17.3,17.2,20.9,21,20.3,21.8,21.4,16
712,712,2015/12/13,21.4,18.1,18.4,19.6,22.6,19.7,18.1,16.9,21.8,17.3,17.2,20.9,21,20.3,21.8,21.4
713,713,2015/12/14,20.6,21.4,18.1,18.4,19.6,22.6,19.7,18.1,16.9,21.8,17.3,17.2,20.9,21,20.3,21.8
714,714,2015/12/15,16.2,20.6,21.4,18.1,18.4,19.6,22.6,19.7,18.1,16.9,21.8,17.3,17.2,20.9,21,20.3
715,715,2015/12/16,13.9,16.2,20.6,21.4,18.1,18.4,19.6,22.6,19.7,18.1,16.9,21.8,17.3,17.2,20.9,21
716,716,2015/12/17,11.4,13.9,16.2,20.6,21.4,18.1,18.4,19.6,22.6,19.7,18.1,16.9,21.8,17.3,17.2,20.9
717,717,2015/12/18,15.6,11.4,13.9,16.2,20.6,21.4,18.1,18.4,19.6,22.6,19.7,18.1,16.9,21.8,17.3,17.2
718,718,2015/12/19,18.9,15.6,11.4,13.9,16.2,20.6,21.4,18.1,18.4,19.6,22.6,19.7,18.1,16.9,21.8,17.3
719,719,2015/12/20,21.6,18.9,15.6,11.4,13.9,16.2,20.6,21.4,18.1,18.4,19.6,22.6,19.7,18.1,16.9,21.8
720,720,2015/12/21,20.7,21.6,18.9,15.6,11.4,13.9,16.2,20.6,21.4,18.1,18.4,19.6,22.6,19.7,18.1,16.9
721,721,2015/12/22,22.8,20.7,21.6,18.9,15.6,11.4,13.9,16.2,20.6,21.4,18.1,18.4,19.6,22.6,19.7,18.1
722,722,2015/12/23,21.9,22.8,20.7,21.6,18.9,15.6,11.4,13.9,16.2,20.6,21.4,18.1,18.4,19.6,22.6,19.7
723,723,2015/12/24,20.8,21.9,22.8,20.7,21.6,18.9,15.6,11.4,13.9,16.2,20.6,21.4,18.1,18.4,19.6,22.6
724,724,2015/12/25,16.5,20.8,21.9,22.8,20.7,21.6,18.9,15.6,11.4,13.9,16.2,20.6,21.4,18.1,18.4,19.6
725,725,2015/12/26,17.5,16.5,20.8,21.9,22.8,20.7,21.6,18.9,15.6,11.4,13.9,16.2,20.6,21.4,18.1,18.4
726,726,2015/12/27,16.7,17.5,16.5,20.8,21.9,22.8,20.7,21.6,18.9,15.6,11.4,13.9,16.2,20.6,21.4,18.1
727,727,2015/12/28,16,16.7,17.5,16.5,20.8,21.9,22.8,20.7,21.6,18.9,15.6,11.4,13.9,16.2,20.6,21.4
728,728,2015/12/29,17.7,16,16.7,17.5,16.5,20.8,21.9,22.8,20.7,21.6,18.9,15.6,11.4,13.9,16.2,20.6
729,729,2015/12/30,16,17.7,16,16.7,17.5,16.5,20.8,21.9,22.8,20.7,21.6,18.9,15.6,11.4,13.9,16.2
730,730,2015/12/31,16.5,16,17.7,16,16.7,17.5,16.5,20.8,21.9,22.8,20.7,21.6,18.9,15.6,11.4,13.9
